C Mezzadra,1er Congreso Internacional de Producción Animal especializado en Bovinos
JI Arroquy,1er Congreso Internacional de Producción Animal especializado en Bovinos
P Chemineau,1er Congreso Internacional de Producción Animal especializado en Bovinos
Mariana Garcia, Darren Henry, Tessa Schulmeister, Jefferson Benítez, Martin Ruiz Moreno, Jennifer Cuenca, Christian Ponce, Nicolás DiLorenzo,1er Congreso Internacional de Producción Animal especializado en Bovinos
DVM Decuadro-Hansen,1er Congreso Internacional de Producción Animal especializado en Bovinos
DVM Decuadro-Hansen,1er Congreso Internacional de Producción Animal especializado en Bovinos
JC Elizalde,1er Congreso Internacional de Producción Animal especializado en Bovinos
MA Brizuela, MS Cid, AF Cibils,1er Congreso Internacional de Producción Animal especializado en Bovinos
E Suharto, A Tello,9th SC@ RUG 2011
Villie Morocho, Andrea Morales, Ana Feijoo, Andrés Sarmiento, M Pilar Garcia-Almirall, Pau Queraltó Ros,"ACE: architecture, city and environment"
EF Zalamea, RH Garcia, R Sanchez Arriagada,ACE-ARCHITECTURE CITY AND ENVIRONMENT
LA D’Alessio, LG Gonzalez, RO Cáceres,ACI Avances en Ciencias e Ingenierías
LG Gonzalez, E Farfán, H Zamora,ACI Avances en Ciencias e Ingenierías
V. V. Sokolov, V. V. Tolmachev,Acoustical Physics
Olivia Erin Buenafe, Adriana Orellana-Paucar, Jan Maes, Hao Huang, Xuhui Ying, Wim De Borggraeve, Alexander D Crawford, Walter Luyten, Camila V Esguerra, Peter de Witte,ACS chemical neuroscience
A Cazar, M.E. Jara,Acta Horticulturae
María Milagros Cortezf R. Michael E. Parkhousea, Arturo Carpiob, Alfredo Campoverde, Patricia Sastred, Glenda Rojase,ACTA TROPICA
ME Siguencia Avila,Actas de la II Convencion Internacional de Ciencias Tecnicas
Guido Marcelo Pinos Abad, Verónica Patricia Pinos Vélez, Mireya del Pilar Palacios Cordero, Silvia Lucia López Alvarado, Jessica Ercilia Castillo Nuñez, William Alfredo Ortiz Ochoa, Elena Monserrath Jerves Hermida, Paul Enzlin,Actualidades Investigativas en Educación
VM Castano, JM Horta, JB Hernandez, L Marquez, M Perez,Advanced Composites Letters(UK)
V. V. Sazonov, V. V. Ulyanov,Advances in Applied Probability
AMRS ELNASHAI, BF SPENCER, DANA KUCHMA, G YANG, J CARRION, QUAN GAN, SUNG JIG KIM,Advances in Earthquake Engineering for Urban Risk Reduction
Karina Abad, Juan Pablo Carvallo, M Espinoza, V Saquicela,Advances in Intelligent Systems and Computing
L Campozano, R Célleri, K Trachte, J Bendix, E Samaniego,Advances in Meteorology
L Campozano, R Célleri, K Trachte, J Bendix, E Samaniego,Advances in Meteorology
L Campozano, D Tenelanda, E Sanchez, E Samaniego, J Feyen,Advances in Meteorology
A El-Sadek, RF Vázquez,Agricultural water management
VN M D’Apuzzo, A Evangelisti, GW Flintsch, E de L Izeppi, DE Mogrovejo,Airfield and Highway Pavements
M D’Apuzzo, A Evangelisti, GW Flintsch, EL Izeppi, DE Mogrovejo, V Nicolosi,Airfield and Highway Pavements
FA Martínez Moscoso,Alicante/Universidad de Alicante/
C Montúfar, L Herrera, M Unda,Alteridad
L Herrera,Alteridad
AB García,América Latina Hoy
J Maldonado, JP Carvallo, J Siguencia,Anais temporários do LACLO 2015
GERD DERCON, E Tacuri,Anales de la Universidad de Cuenca
D Orellana, P Osorio,Analitika
M Vélez C., P Vélez León,Analysis. Research Papers
M Vélez C., P Vélez León,Analysis. Research Papers
M Vélez C., P Vélez León,Analysis. Research Papers
J Fajardo, D Astudillo, K Palacio-Baus, L Solano-Quinde, S Wong,"ANDESCON, 2016 IEEE"
J Fajardo, D Astudillo, K Palacio-Baus, L Solano-Quinde, S Wong,"ANDESCON, 2016 IEEE"
R Medina, S Bautista, P Vanegas, V Morocho,"ANDESCON, 2016 IEEE"
L Herrera Montero,Ánfora
LA Abadia, ME Abadia, JA Abecia, L Abril-Parreño, PR Adona, LH Aguiar, AC Aguilera, E Akcay, W Al Al Sebli, JL Alabart, BCS Albuquerque, JVS Albuquerque, LG Albuquerque, Alcântara Junior NI, LF Alencar, E Al-Essawe, Alessio Valenza, P Alexandre, VAP Alfradique, L Allai, ARG Almeida, IC Almeida, J Almeida, Almeida Júnior AM, TG Almeida, AB Alvarenga, ML Alvarenga, PB Alvarenga, ÁM Alves, BG Alves, BRC Alves, KA Alves, MBR Alves, MF Alves, N Alves, NG Alves, CS Amaral, DA Ambríz-García, DR Ambrizi, GS Amiridis, NA Anache, AC Andrade, AFC Andrade, GM Andrade, JPN Andrade, JS Andrade, LRP Andrade-Junior, J Andreatta, MA Andreazzi, S Andries, DS Angrimani, K Annes, V Antane, AQ Antoniazzi, DC Antonino, DBA Antônio, Anzalone Da, FH Aono, CA Apodaca-Sarabia, JA Aranguren, EKN Arashiro, GHM Araujo, N Arcarons, D Argudo, MLL Arias, VHV Aristizabal, AM Arrais, I Arruda, LS Arruda, RP Arruda, IJ Ascari, MEOA Assumpção, PA Auler, C Aurich, Ávila ACFCM, M Avilés, HDM Ayala, PR Azevedo, A Baddi, S Bagés-Arnal, A Bagon, MFA Balaro, H Baldassarre, JCC Balieiro, AL Baltazar, C Banliat, DJ Barberini, RS Barberino, RP Barbero, FM Barbé-Tuana, B Barboni, CG Barbosa, LP Barbosa, JP Barbuio, G Barioni, TRR Barreiros, AENP Barreto, BAF Barros, CM Barros, PAM Barros,Animal Reproduction
DA Galarza, EE Valverde, ME Soria, DE Argudo, HP Bueno, MS Méndez, CU Iñiguez, RH Alberio,Animal Reproduction
MS Méndez, DA Galarza, DE Argudo, HP Bueno, CU Iņiguez, ME Soria, CS Torres, RH Alberio,Animal Reproduction
P Vanegas, D Cattrysse, A Wijffels, J Van Orshoven,Annals of Operations Research
M Perez,Anuario de Arte y Arquitectura. Volumen I
LG González, E Figueres, G Garcerá, O Carranza,Applied Energy
O Carranza, E Figueres, G Garcerá, LG Gonzalez,Applied Energy
LG González, G Garcerá, E Figueres, R González,Applied Energy
O Carranza, G Garcerá, E Figueres, LG González,Applied Energy
V. V. Osipov, V. V. Lisenkov, V. V. Platonov,Applied Physics B
A Abdal-hay, YS Oh, A Yousef, HR Pant, P Vanegas, JK Lim,Applied Surface Science
JM Mesa-Pérez, LAB Cortez, HR Marín-Mesa, JD Rocha, MR Peláez-Samaniego, Esther Cascarosa,Applied Thermal Engineering
M Córdova, G Carrillo, R Célleri,Aqua-LAC
M Córdova, G Carrillo, R Célleri,Aqua-LAC
A Bücker, P Crespo, HG Frede, K Vaché, F Cisneros, L Breuer,Aquatic geochemistry
M Córdova, R Célleri, CJ Shellito, J Orellana-Alvear, A Abril, G Carrillo-Rojas,"Arctic, Antarctic, and Alpine Research"
M Córdova, R Célleri, CJ Shellito, J Orellana-Alvear, A Abril, G Carrillo-Rojas,"Arctic, Antarctic, and Alpine Research"
MA Novillo Verdugo,Arqueología Iberoamericana
MA Novillo Verdugo, JC Astudillo Sarmiento,Arqueología Iberoamericana
MA Novillo Verdugo, R Esparza Lopez,Arqueología Iberoamericana
Miguel Angel Novillo Verdugo, Rodrigo Esparza Lopez, Avto Goguitchaichvili, Juan Morales, Miguel Cervantes Solano,Arqueología Iberoamericana
MÁ Novillo Verdugo,Arqueología Iberoamericana
MÁ Novillo Verdugo, R Esparza López,Arqueología Iberoamericana
MÁ Novillo-Verdugo, JC Astudillo-Sarmiento,Arqueología Iberoamericana
Miguel Ángel Novillo Verdugo, Rodrigo Esparza López, Avto Goguitchaichvili, Juan Morales, Miguel Cervantes Solano,Arqueología Iberoamericana
MÁN Verdugo, JPV Díaz,ArqueoWeb
E Zalamea León, R García Alvarado,Arquitectura y Urbanismo
A Hermida, V Mogrovejo,Arquitecturas del Sur
A Serrano, F Quesada, ML Catalán, VG Mena, DO Valdez,ASRI: Arte y sociedad. Revista de investigación
A Serrano, FQ Molina, ML Catalán, VG Mena, DO Valdez,ASRI: Arte y sociedad. Revista de investigación
DI Vintimilla,ASRI: Arte y sociedad. Revista de investigación
JR Pérez, SM Cordero,ASRI: Arte y sociedad. Revista de investigación
M Pérez,ASRI: Arte y sociedad. Revista de investigación
V. V. Korol'ov, V. V. Levy,Astronomical & Astrophysical Transactions
D Achig,Ateneo
D Achig, E Contento,Ateneo
D Achig, M Masapanta, A Pulla,Ateneo
D Achig, M Rivas,Ateneo
D Achig, R Rojas, A Angulo, Y Contento, Esther, Cabrera,Ateneo
Y Zhang, D Achig,Ateneo
V. V. Dudorov, V. V. Kolosov,Atmospheric and Oceanic Optics
V. V. Pankajalakshmi, V. V. Taralakshmi,Australasian Journal of Dermatology
L Siguenza Guzman,Bélgica/Universidad de KU Leuven/
TL Ho, T Pham Duy, W Van Echelpoel, A Alvarado, P Goethals,Belmundo Water Talk
AL Borrero, A Luz,Bibliotéca de geografıa ecuatoriana
MR Pelaez-Samaniego, V Yadama, M Garcia-Perez, E Lowell,Biomass and Bioenergy
EL Manuel Raul Pelaez-Samaniego, Vikram Yadama, Manuel Garcia-Perez,Biomass and Bioenergy
GP Ferraz, C Frear, MR Pelaez-Samaniego, K Englund, M Garcia-Perez,BioResources
Natasha Eulalia Cabrera-Jara, María Augusta Hermida-Palacios, Daniel Augusto Orellana-Vintimilla, Pablo Enrique Osorio-Guerrero,Bitácora Urbano Territorial
NE Cabrera, D Orellana, MA Hermida, PE Osorio,Bitácora Urbano Territorial
O Jadán, M Cifuentes, B Torres, D Selesi, D Veintimilla, S Günter,BOIS & FORETS DES TROPIQUES
O Jadán, M Cifuentes, B Torres, D Selesi, D Veintimilla, S Gunter,Bois et Forets des Tropiques
Oswaldo Jadan, Cristian Toledo, Braulio Tepan, Hugo Cedillo, Angel Peralta, Pedro Zea, Patricio Castro, Carlos Vaca,BOSQUE
Oswaldo Jadán, Cristian Toledo, Braulio Tepán, Hugo Cedillo, Ángel Peralta, Pedro Zea, Patricio Castro, Carlos Vaca,Bosque (Valdivia)
O Jadán, H Cedillo, P Zea, P Quichimbo, Á Peralta, C Vaca,Bosques Latitud Cero
Wilson Quizhpe, Dario Veintimilla, Zhofre Aguirre, Nelson Jaramillo, Edwin Pacheco, Raúl Vanegas, Oswaldo Jadán,Bosques Latitud Cero
O Jadán, D Veintimilla, E Ponce, M González, K Waise, Z Aguirre,Bosques Latitud Cero
O Jadán, W Quizhpe, E Pacheco, Z Aguirre,Bosques Latitud Cero
Lorenzo Melchor, Laura Paula Saucedo-Cuevas, Iván Muñoz-Repeto, Socorro María Rodríguez-Pinilla, Emiliano Honrado, Alfredo Campoverde, Jose Palacios, Katherine L Nathanson, María José García, Javier Benítez,"Breast cancer research 11 (6), R"
V. V. Mikhailov, V. V. Korolev,Bulletin of Experimental Biology and Medicine
V. V. Eliseev, V. V. Khudolei,Bulletin of Experimental Biology and Medicine
V. V. Mikhailov, V. V. Morrison,Bulletin of Experimental Biology and Medicine
V. V. Mikhailov, V. V. Morrison,Bulletin of Experimental Biology and Medicine
V. V. Myasnikova, V. V. Ponomarev,Bulletin of Experimental Biology and Medicine
V. V. Zhukov, V. V. Serpinskii,Bulletin of the Academy of Sciences of the USSR Division of Chemical Science
V. V. Fedorova, V. V. Kharitonov,Bulletin of the Academy of Sciences of the USSR Division of Chemical Science
J Bendix, A Fries, J Zárate, K Trachte, R Rollenbeck, F Pucha-Cofrep, R Paladines, I Palacios, J Orellana, F Oñate-Valdivieso, C Naranjo, L Mendoza, D Mejia, M Guallpa, F Gordillo, V Gonzalez-Jaramillo, M Dobbermann, R Célleri, Carlos Carrillo, Augusto Araque, Sebastian Achilles,Bulletin of the American Meteorological Society
V. V. Lomakin, V. V. Tomchik,Bulletin of the Russian Academy of Sciences: Physics
MO Bravo, RM Muñoz, PB Romero, M Raileanu-Szeles,Bulletin of the Transilvania University of Brasov. Economic Sciences. Series …
RM Muñoz, M Raileanu-Szeles, PB Romero, JAP Peña,Bulletin of the Transilvania University of Brasov. Economic Sciences. Series …
Mercy ORELLANA BRAVO, Rodrigo MENDIETA MUÑOZ, Pablo BELTRÁN ROMERO, Monica RĂILEANU-SZELES,Bulletin of the Transilvania University of Brasov. Series V: Economic …
Rodrigo MENDIETA MUÑOZ, Monica RĂILEANU-SZELES, Pablo BELTRÁN ROMERO, Juan Andrés PIEDRA PEÑA,Bulletin of the Transilvania University of Brasov. Series V: Economic …
AM Moscoso, JTV Silva,Cadernos de Dereito Actual
LH Montero,Cambios de las culturas. Ingeniería cultural y pedagogía
Lorenzo Melchor, Maria Garcia, Socorro Maria Rodriguez-Pinilla, Ricardo Ramires, Emiliano Honrado, Alfredo Campoverde, Ana Osorio, Katherine Nathanson, Javier Benitez,Cancer Research 68 (9 Supplement)
A David,"Casa de la Cultura Ecuatoriana, núcleo del Azuay"
G Mosquera, PX Lazo, R Célleri, BP Wilcox, P Crespo,Catena
G Mosquera, PX Lazo, R Célleri, BP Wilcox, P Crespo,Catena
G Mosquera, PX Lazo, R Célleri, BP Wilcox, P Crespo,Catena
DAT Ortiz, LG Gonzalez, O Carranza, RG Baculima,"Central American and Panama Convention (CONCAPAN XXXVI), 2016 IEEE 36th"
J Martínez Borrero,Chasqui. Revista Latinoamericana de Comunicación
J Martínez Borrero,Chasqui. Revista Latinoamericana de Comunicación
J Martínez Borrero,Chasqui. Revista Latinoamericana de Comunicación
J Martínez Borrero,Chasqui. Revista Latinoamericana de Comunicación
JM Borrero,Chasqui. Revista Latinoamericana de Comunicación
JM Borrero,Chasqui. Revista Latinoamericana de Comunicación
MA Vintimilla,Chasqui. Revista Latinoamericana de Comunicación
V. V. Shestopalov, V. V. Men'shikov, V. V. Kafarov,Chemical and Petroleum Engineering
Bjorge Decostere, Natascha Janssens, Andres Alvarado, Thomas Maere, Peter Goethals, Stijn W.H.Van Hulle, Ingmar Nopens,Chemical Engineering Journal
A Abdal-hay, P Vanegas, AS Hamdy, FB Engel, JH Lim,Chemical Engineering Journal
A Abdal-hay, P Vanegas, AS Hamdy, FB Engel, JH Lim,Chemical Engineering Journal
V. V. Malev, V. V. Kondratiev,ChemInform
V. V. MEZHERITSKII, V. V. TKACHENKO,ChemInform
V. V. MEZHERITSKII, V. V. TKACHENKO,ChemInform
V. V. RAZIN, V. V. TROFIMOV,ChemInform
V. V. Kalashnikov, V. V. Samukov,Chemistry of Natural Compounds
V. V. Kalashnikov, V. V. Samukov,Chemistry of Natural Compounds
V. V. Kalashnikov, V. V. Samukov,Chemistry of Natural Compounds
APOLLONOV V V APOLLONOV V V,Chinese Journal of Optics and Applied Optics
APOLLONOV V V APOLLONOV V V,Chinese Journal of Optics and Applied Optics
J Maldonado, JL Bermeo, G Pacheco,CLEI Electronic Journal
JF Exbrayat, W Buytaert, E Timbe, D Windhorst, L Breuer,Climate Change
A Abdal-hay, HM Mousa, A Khan, P Vanegas, JH Lim,Colloids and Surfaces A: Physicochemical and Engineering Aspects
O Jadán, B Torres, D Selesi, D Peña, C Rosales, S Günter,Colombia Forestal
O Jadán, B Torres, D Selesi, D Peña, C Rosales, S Günter,Colombia Forestal
O Jadán, B Torres, D Selesi, D Peña, C Rosales, S Gunter,Colombia Forestal
AL Borrero Vega,Coloquio voces americanas en las Cortes de Cádiz
V. V. Kravtsov, V. V. Sil'vestrov,"Combustion, Explosion, and Shock Waves"
Erik Sigcha, José Medina, Francisco Vega, V Saquicela, M Espinoza,Communications in Computer and Information Science
MF Granda, N Condori-Fernández, TEJ Vos, O Pastor,Complexity in Information Systems Development
M Zúñiga-Prieto, E Insfran, S Abrahão, C Cano-Genoves,Complexity in Information Systems Development
JE Carrion, JM LaFave, KD Hjelmstad,Composite structures
JE Carrion, KD Hjelmstad, JM LaFave,Composite structures
P Areias, E Samaniego, T Rabczuk,Computational Mechanics
P Vanegas, D Cattrysse, J Van Orshoven,Computational Science and Its Applications–ICCSA
P Vanegas, D Cattrysse, J Van Orshoven,Computational Science and Its Applications–ICCSA
P Vanegas, D Cattrysse, J Van Orshoven,Computational Science and Its Applications–ICCSA
A Auquilla, S Heremans, P Vanegas, J Van Orshoven,Computational Science and Its Applications–ICCSA
T Rabczuk, E Samaniego,Computer Methods in Applied Mechanics and Engineering
Q Chen, JE Andrade, E Samaniego,Computer Methods in Applied Mechanics and Engineering
C Samaniego, G Houzeaux, E Samaniego, M Vázquez,Computer Methods in Applied Mechanics and Engineering
R Kizilcec, M Perez-Sanagustin, J Maldonado,Computers & Education.
J Maldonado, Mar Pérez-Sanagustína, René F. Kizilcecc, Nicolás Moralesa, Jorge Munoz-Gama,"Computers in Human Behavior 80 (C), pp."
EL Ramírez, FJÁ Rdz, ME Mejía, H Ambriz, A Nungaray,Conciencia Tecnológica
M Espinoza, V Saquicela,Congreso de Ciencia y Tecnología ESPE
V Morocho,Congreso de Ciencia y Tecnología ESPE
V Morocho, J Pindo, F Romero,Congreso de Ciencia y Tecnología ESPE
A Flores, JM Lavín, X Calle, E Álvarez,Congreso Ecuatoriano en Tecnologías de la Información y Comunicaciones
CE Ugalde S., CR González,Congreso Ecuatoriano en Tecnologías de la Información y Comunicaciones
J Medina, C Villa, V Saquicela, M Espinoza, D Astudillo, H Albán, K. Palacio-Baus,Congreso Ecuatoriano en Tecnologías de la Información y Comunicaciones
MR Aldás S., MJ Flores C.,Congreso Ecuatoriano en Tecnologías de la Información y Comunicaciones
D Peláez, C Tipantuña,Congreso Ecuatoriano en Tecnologías de la Información y Comunicaciones
J Ávila, X Riofrío, K Palacio-Baus, M Espinoza, V Saquicela,Congreso Ecuatoriano en Tecnologías de la Información y Comunicaciones
L Montenegro, V Ochoa, M Espinoza,Congreso Ecuatoriano en Tecnologías de la Información y Comunicaciones
N Piedra, J Chicaiza, E Cadme, R Guaya,Congreso Ecuatoriano en Tecnologías de la Información y Comunicaciones
RM Gualán S., LD Solano Q.,Congreso Ecuatoriano en Tecnologías de la Información y Comunicaciones
S Manzano, R Peña-Ortiz, D Guevara, A Ríos,Congreso Ecuatoriano en Tecnologías de la Información y Comunicaciones
VA Haro V., WR Pérez R., L Siguenza-Guzman, D Cattrysse, VH Saquicela G.,Congreso Ecuatoriano en Tecnologías de la Información y Comunicaciones
X Calle, F Mayorga, A Flores, JM Lavín,Congreso Ecuatoriano en Tecnologías de la Información y Comunicaciones
M Pilamunga P., D Ríos I.,Congreso Ecuatoriano en Tecnologías de la Información y Comunicaciones
A Peña E., JP Mejia O., JA Valencia A.,Congreso Ecuatoriano en Tecnologías de la Información y Comunicaciones
C Jordán V., I Valderrama S.,Congreso Ecuatoriano en Tecnologías de la Información y Comunicaciones
CA Pomboza F.,Congreso Ecuatoriano en Tecnologías de la Información y Comunicaciones
D Pinto,Congreso Ecuatoriano en Tecnologías de la Información y Comunicaciones
DS Guamán, JC Caiza, V Mateos,Congreso Ecuatoriano en Tecnologías de la Información y Comunicaciones
E Cadme, N Piedra,Congreso Ecuatoriano en Tecnologías de la Información y Comunicaciones
E Pérez E., PF Bernal B.,Congreso Ecuatoriano en Tecnologías de la Información y Comunicaciones
GF Sacarelo V., GA Romero M., P Chávez, D Ochoa,Congreso Ecuatoriano en Tecnologías de la Información y Comunicaciones
M Quiñones, JP Tene, K Rohoden, C Carrión,Congreso Ecuatoriano en Tecnologías de la Información y Comunicaciones
MN Homsi,Congreso Ecuatoriano en Tecnologías de la Información y Comunicaciones
NP Layedra L.,Congreso Ecuatoriano en Tecnologías de la Información y Comunicaciones
PF Bernal B., GX Chafla A., E Pérez E.,Congreso Ecuatoriano en Tecnologías de la Información y Comunicaciones
E Romero, DF Pozo, JA Rosales,Congreso I+D+ingeniería: Congreso de Ingeniería Eléctrica y Electrónica
C Vargas, D Guevara, A Ríos,Congreso I+D+ingeniería: Congreso de Ingeniería Eléctrica y Electrónica
F Peña, J Viola, J Restrepo,Congreso I+D+ingeniería: Congreso de Ingeniería Eléctrica y Electrónica
G Ampuño, W Agila, H Cevallos,Congreso I+D+ingeniería: Congreso de Ingeniería Eléctrica y Electrónica
J Guamán, D Guevara, A Ríos,Congreso I+D+ingeniería: Congreso de Ingeniería Eléctrica y Electrónica
J Medina H., P Vélez N.,Congreso I+D+ingeniería: Congreso de Ingeniería Eléctrica y Electrónica
JP Pozo G.,Congreso I+D+ingeniería: Congreso de Ingeniería Eléctrica y Electrónica
AE Cabrera, HX Cueva, RE Sempértegui, JL Espinoza, DR Ochoa, AP Guevara, DV Ochoa,Congreso I+D+ingeniería: Congreso de Ingeniería Eléctrica y Electrónica
CA Bosquez, XA Lascano,Congreso I+D+ingeniería: Congreso de Ingeniería Eléctrica y Electrónica
CS Abril V., RE Arias R., LM Guerrero C., LG González M.,Congreso I+D+ingeniería: Congreso de Ingeniería Eléctrica y Electrónica
DA Toledo O., JC Jaramillo V., FG Santillan S., LG González M.,Congreso I+D+ingeniería: Congreso de Ingeniería Eléctrica y Electrónica
FG Camargo, GA Schweickardt,Congreso I+D+ingeniería: Congreso de Ingeniería Eléctrica y Electrónica
G Schweickardt, C Casanova,Congreso I+D+ingeniería: Congreso de Ingeniería Eléctrica y Electrónica
J Matamoros V., DCD Witt, RL Vásquez, E Pietrosemoli,Congreso I+D+ingeniería: Congreso de Ingeniería Eléctrica y Electrónica
R Balderrama,Congreso I+D+ingeniería: Congreso de Ingeniería Eléctrica y Electrónica
R Gallardo A., S Placencia L., LG González M.,Congreso I+D+ingeniería: Congreso de Ingeniería Eléctrica y Electrónica
RM Quito A., MV Guanuquiza L., JL Espinoza A., GS Pulla G.,Congreso I+D+ingeniería: Congreso de Ingeniería Eléctrica y Electrónica
L Campozano, D Ballari, R Célleri,Congreso I+D+ingeniería: Ingeniería Civil
V Tinoco, P Willems, G Wyseure, F Cisneros,Congreso I+D+ingeniería: Ingeniería Civil
D Ballari, L Vilches, DR Perez, D Pacheco, V Fernández,Congreso I+D+ingeniería: Ingeniería Civil
EA Pacheco T., VM Carrillo S.,Congreso I+D+ingeniería: Ingeniería Civil
P Samaniego, E Samaniego, A Samaniego, F Astudillo, M Díaz, Dolores Cordero,Congreso I+D+ingeniería: Ingeniería Civil
A Quichimbo, RF Vázquez,Congreso I+D+ingeniería: Ingeniería Civil
CI Montalvo, OA Abril, RF Vázquez,Congreso I+D+ingeniería: Ingeniería Civil
D Mise,Congreso I+D+ingeniería: Ingeniería Civil
D Villavicencio, R Vásquez, D Muñoz, E Acosta,Congreso I+D+ingeniería: Ingeniería Civil
G Pauta C, J Chang G,Congreso I+D+ingeniería: Ingeniería Civil
JC Vielma P., MA Cando L.,Congreso I+D+ingeniería: Ingeniería Civil
JF Moscoso FS, J Álvarez R, G Argudo S,Congreso I+D+ingeniería: Ingeniería Civil
JIS de la Cruz, AJ Pino V.,Congreso I+D+ingeniería: Ingeniería Civil
KI Jaramillo M, PIA Ch.,Congreso I+D+ingeniería: Ingeniería Civil
PX Jumbo P, DA Nieto M,Congreso I+D+ingeniería: Ingeniería Civil
S Estrella, M Sánchez-Juny,Congreso I+D+ingeniería: Ingeniería Civil
SA Ochoa G., T Reyna, S Reyna, M García, A Patalano, M Labaque,Congreso I+D+ingeniería: Ingeniería Civil
V Tinoco, F Cisneros, E Pacheco, V Carrillo, E Calle, J Domínguez, J Garate, K Solís,Congreso I+D+ingeniería: Ingeniería Civil
VM Carrillo, JE Petrie, EA Pacheco,Congreso I+D+ingeniería: Ingeniería Civil
AM Campoverde, DL Hernández R., BE Mazón O.,Congreso TIC.EC
Freddy Parra, Diana Andrade, Julio Cruz, L Solano-Quinde, K Palacio-Baus-Baus, Lorena Encalada, Sara Wong,Congreso TIC.EC
W Pérez, K Abad, JP Carvallo, M Espinoza, V Saquicela,Congreso TIC.EC
A Villalta, JP Carvallo,Congreso TIC.EC
EP Urrutia, F Urrutia, AL Larrea, TS Antonio,Congreso TIC.EC
A Calle, E Alvarez, S López, G Marañón, F Mayorga, JM Lavín,Congreso TIC.EC
EM Carrión, EA Maya O., HM Domínguez L., DH Peluffo O.,Congreso TIC.EC
Gisela C. Ruiz G., Edgar A. Maya O., Carlos A. Vásquez A., Hernán M. Domínguez L., Diego H. Peluffo O.,Congreso TIC.EC
HM Domínguez L., EA Maya O., DH Peluffo O., CMC Ñ.,Congreso TIC.EC
I Marín-Gutiérrez, D Rivera, M Gonzáles, A Velásquez,Congreso TIC.EC
K Abad, JP Carvallo,Congreso TIC.EC
S Calle, S Chasiluisa, J Carvajal, R Herrera,Congreso TIC.EC
V Haro, W Pérez, V Saquicela,Congreso TIC.EC
A María-Inés, Á Priscila, CJ Pablo, U Cecilia,Congreso TIC.EC
A Tello, R Freire, M Espinoza, V Saquicela,Congreso TIC.EC
AD Morales, VH Saquicela,Congreso TIC.EC
AF Romero G.,Congreso TIC.EC
AL Cruz, A Tello, M Espinoza, V Saquicela, P González, Y Sarmiento, Washintong Ramírez-Montalvan, L Solano-Quinde, María-Esther Vidal,Congreso TIC.EC
AV Granizo R., AA Tacuri U.,Congreso TIC.EC
C Bracho-Ortega, F Cuzme-Rodríguez, C Pupiales-Yepez, L. Suárez-Zambrano, D. Peluffo-Ordoñez, C. Moreira-Zambrano,Congreso TIC.EC
C J., O J., S X., S F., S V.,Congreso TIC.EC
C Martínez B., R Silva S., B Naranjo G.,Congreso TIC.EC
C Rojas-Muñoz, V Saquicela,Congreso TIC.EC
C Vintimilla, F Astudillo-Salinas, E Severeyn, L Encalada, S Wong,Congreso TIC.EC
CM Jaramillo, LR Jácome, ÁJ Ordóñez, ME Gaona, JT Carrión, MA Palma,Congreso TIC.EC
CR Egas A., EF Guamán G.,Congreso TIC.EC
D Alejandro M., J Alejandro D.,Congreso TIC.EC
D Auquilla, K Palacio-Baus, V Saquicela,Congreso TIC.EC
D León, F Fernández, P Urrutia,Congreso TIC.EC
D Pillo-Guanoluisa, R Enríquez-Reyes,Congreso TIC.EC
DA Barragán R., RA Cazar, MA Mendez,Congreso TIC.EC
DA Villareal D., SC Gamboa S., LC Gómez F.,Congreso TIC.EC
F Loza, A Umaquinga, O Oña, J Terán, C Mejía,Congreso TIC.EC
F Sumba, J Ortiz, V Segarra, J., Saquicela,Congreso TIC.EC
G Barros, D Astudillo S.,Congreso TIC.EC
J Fajardo-Reinoso, D Astudillo-Salinas, L Solano-Quinde, S Wong,Congreso TIC.EC
J Guamán-Quinche, R Guamán-Quinche, H Torres-Carrión, Roberth Figueroa-Díaz,Congreso TIC.EC
J Reyes-Coellar, M Tene, F Astudillo,Congreso TIC.EC
J Silva C., J Estrada G.,Congreso TIC.EC
J Vargas, D Guevara, F Mayorga, E Jiménez,Congreso TIC.EC
J Vargas, D Guevara, F Mayorga, F Sánchez, D Díaz,Congreso TIC.EC
J Velásquez, H Herrera, L Encalada, S Wong, E Severeyn,Congreso TIC.EC
JA Palacios, KL Ponce, EA Maya, DH Peluffo, KP Negrete, Hernán M. Domínguez,Congreso TIC.EC
JC Guillermo, R Gualán, LD Solano-Quinde, D Collaguazo-Montalvan, Whasintong Ramírez-Montalvan, Alexandra La Cruz,Congreso TIC.EC
JC Ocampo, JS Pulupa, AT Knezevich,Congreso TIC.EC
JD Brito, JL Bermeo,Congreso TIC.EC
JE Rivadeneira, B Halak,Congreso TIC.EC
JP Torres, J., Carvallo,Congreso TIC.EC
JR Patiño S.,Congreso TIC.EC
JR Patiño S.,Congreso TIC.EC
L Erazo G., L Illescas P., M Mejía P.,Congreso TIC.EC
L Herrera-Izquierdo, M Grob,Congreso TIC.EC
L Lupercio, F Baculima, M Espinoza, V Saquicela,Congreso TIC.EC
L Muñoz G., J Medina C., J Guillermo A., J Veintimilla R.,Congreso TIC.EC
L Tabares M., FO Fernández P., AA Leiva M., J Nummenmaa,Congreso TIC.EC
LG López, EL Coronel, ML Labanda,Congreso TIC.EC
M Villamizar, G Pedraza,Congreso TIC.EC
M Zuñiga-Prieto, L Solano-Quinde, E Insfran, Y Cabrera,Congreso TIC.EC
MG Pérez, M Benalcazar, A Conci, C Fiallos,Congreso TIC.EC
NS Sánchez L., MR Guzmán, AL Moreno V., M Díaz M.,Congreso TIC.EC
P Cedillo, JF Borja, EM Lazo,Congreso TIC.EC
P Cedillo, P Beltran, P Rodriguez-Ch,Congreso TIC.EC
PM Méndez, HM Villa, AS Cisneros,Congreso TIC.EC
R Gallardo, JC Jaramillo V., D Astudillo-Salinas, K Palacio-Baus,Congreso TIC.EC
R Gualán, R Freire, A Tello, M Espinoza, V Saquicela,Congreso TIC.EC
R Medina, E Ibarra, V Morocho, P Vanegas,Congreso TIC.EC
R Medina, S Bautista, ALZ Puga, V Morocho,Congreso TIC.EC
RM Gualán-Saavedra, LD Solano-Quinde,Congreso TIC.EC
S Cadena-Vela, R Enríquez-Reyes,Congreso TIC.EC
S Cueva C., P Ludeña G., R Torres T.,Congreso TIC.EC
S Romero, C Tipantuña, JA Estrada, J Carvajal,Congreso TIC.EC
V Heredia S., D Astudillo-Salinas,Congreso TIC.EC
W Pérez, V Haro, V Saquicela,Congreso TIC.EC
JL Espinoza,Contaminación del aire: origen y control
L Jachero, G Carrillo,Contaminación del aire: origen y control
V. V. Zaika, V. V. Molodtsov,Contemporary Problems of Ecology
AL Serrano, E Villafuerte,COODTUR III: Turismo para el desarrollo local y la conservación
C Feicán Mejía, A Encalada, C Larriva, G Calle Pérez,"Cuenca, EC, INIAP, Estacion Experimental Chuquipata"
Z Bravo, C Larriva,"Cuenca, EC, INIAP, Estacion Experimental Chuquipata"
C Larriva, Z Bravo,"Cuenca, EC: INIAP, Estacion Experimental Chuquipata"
Z Bravo, C Larriva, L Minchala,"Cuenca, EC: INIAP, Estacion Experimental del Austro"
C Feicán Mejía, A Encalada, C Larriva,"Cuenca, EC: INIAP, Estación Experimental del Chuquipata"
A Wijffels, E Tacuri, P Torres, P Cisneros, E Pacheco,CUENCA/Universidad de Cuenca/
HB Van Hoof, A Cueva, M Estrella, LT León, MI Eljuri,CULTUR-Revista de Cultura e Turismo
S Xu, LR Martinez, H Van Hoof, M Tews, L Torres, K Farfán,Current Issues in Tourism
Aurelio San-Martín, Viviana Donoso, Sergio Leiva, Mitchell Bacho, Solange Núñez, Margarita Gutierrez, Juana Rovirosa, Natalia Bailón-Moscoso, Sandra Cuenca Camacho, Omar Malagon Aviles, ME Cazar,Current topics in medicinal chemistry
V Saquicela, Luis. M. Vilches-Blázquez, Óscar Corcho,Current Trends in Web Engineering
V. V. Anisimov, V. V. Korolyuk,Cybernetics
V. V. Moiseenko, V. V. Yatskevich,Cybernetics and Systems Analysis
V. V. Moiseenko, V. V. Yatskevich,Cybernetics and Systems Analysis
V. V. Moiseenko, V. V. Yatskevich,Cybernetics and Systems Analysis
V. V. Moiseenko, V. V. Yatskevich,Cybernetics and Systems Analysis
V Morocho, L Pérez-Vidal, F Saltor,Databases and Applications
Mari Carmen Suarez-Figueroa, Eva Blomqvist, Mathieu d’Aquin, M Espinoza, Asuncion Gomez-Perez, Holger Lewen, Igor Mozetic, Raul Palma, Maria Poveda, Margherita Sini, Boris Villazon-Terrazas, Fouad Zablith, Martin Dzbor,Deliverable
D Achig,Departamento de Cultura; Universidad de Cuenca
D Achig,Departamento de Cultura; Universidad de Cuenca
V. V. Dubrovskii, V. V. Raspopov,Differential Equations
A Martinez Moscoso,Direito Público
L Huiracocha-Tutiven, A Orellana-Paucar, L Brito, S Blume,Disability & Society
V Saquicela, Luis. M. Vilches-Blázquez, Oscar Corcho,Discovery of Geospatial Resources
EE Cano, CA Rovetto, JM Colom,Discrete Event Dynamic Systems
V. V. Napalkov, V. V. Napalkov,Doklady Mathematics
V. V. Gol’dberg, V. V. Lychagin,Doklady Mathematics
V. V. Goldberg, V. V. Lychagin,Doklady Mathematics
V. V. Napalkov, V. V. Napalkov,Doklady Mathematics
V. V. Kuznetsov, V. V. Pukhnachev,Doklady Physics
G Carrillo-Rojas, J Andrade-Rodas, A Barragán-Escandón, A Astudillo-Alemán,Dyna
R Riddell, JE Garcia,Earthquake Engineering & Structural Dynamics
R Riddell, JE Garcia, E Garces,Earthquake Engineering & Structural Dynamics
JE Carrion, BF Spencer, BM Phillips,Earthquake Engineering and Engineering Vibration
W Buytaert, R Célleri, B De Bièvre, F Cisneros, G Wyseure, J Deckers, R Hofstede,Earth-Science Reviews
DT Pham, G Everaert, N Janssens, A Alvarado, I Nopens, PLM Goethals,Ecological Engineering
I Plesca, Edison Timbe, J-F Exbrayat, David Windhorst, P Kraft, P Crespo, Kellie B Vaché, H-G Frede, Lutz Breuer,Ecological modelling
Ina Plesca, Edison Timbe, Jean-François Exbrayat, David Windhorst, Kraft Phillip, Patricio Crespo, Kellie Vaché, Hans-Georg Frede, Lutz Breuer,Ecological Modelling
Javier E Holguin-Gonzalez, Pieter Boets, Andres Alvarado, Felipe Cisneros, María C Carrasco, Guido Wyseure, Ingmar Nopens, Peter LM Goethals,Ecological Modelling
D Orellana,Ecuador Terra Incógnita
G Álava, LD Vázquez, B Guerrero, L Pinos, D Sucozhañay, F Francés,Educación Arte Comunicación
X Sumba, F Sumba, A Tello, F Baculima, M Espinoza, V Saquicela,Electronic Notes in Theoretical Computer Science
X Sumba, F Sumba, A Tello, F Baculima, M Espinoza, V Saquicela,Electronic Notes in Theoretical Computer Science
X Sumba, F Sumba, A Tello, F Baculima, M Espinoza, V Saquicela,Electronic Notes in Theoretical Computer Science
Xavier Sumba, Freddy Sumba, Andres Tello, Fernando Baculima, M Espinoza, V Saquicela,Electronic Notes in Theoretical Computer Science
E Peláez-Samaniego, M.R., Riveros Godoy, G., Torres-Contreras, S., García-Pérez, T., García-Renté, M., Albornoz-Vintimilla,"Energias renovables en el Ecuador: Situacion actual, tendencias y perspectivas"
Manuel Raul Pelaez-Samaniego, Gustavo Riveros-Godoy, Santiago Torres-Contreras, Tsai Garcia-Perez, Esteban Albornoz-Vintimilla,Energy
Manuel Raul Pelaez-Samaniego, Gustavo Riveros-Godoy, Santiago Torres-Contreras, Tsai Garcia-Perez, Esteban Albornoz-Vintimilla,Energy
Anja Oasmaa, Isabel Fonts, Manuel Raul Pelaez-Samaniego, Martha Estrella Garcia-Perez, Manuel Garcia-Perez,Energy & Fuels
JA Garcia-Nunez, MR Pelaez-Samaniego, ME Garcia-Perez, I Fonts, Javier Abrego, Roel JM Westerhof, Manuel Garcia-Perez,Energy & Fuels
MR Pelaez-Samaniego, J Mesa-Pérez, LAB Cortez, JD Rocha, CG Sanchez, H Marín,Energy for Sustainable Development
Manuel Raúl Peláez-Samaniego, Manuel Garcia-Perez, LAB Cortez, J Oscullo, G Olmedo,Energy Policy
MA Ponce-Jara, M Castro, MR Pelaez-Samaniego, JL Espinoza-Abad, E Ruiz,Energy Policy
E Ponce-Jara, MA Castro, M Pelaez-Samaniego, MR Espinoza-Abad, JL Ruiz,Energy Policy 113 (February)
WF Baker, LL Beghini, A Mazurek, J Carrion, A Beghini,ENGINEERING JOURNAL-AMERICAN INSTITUTE OF STEEL CONSTRUCTION
T Hayes, F Murtinho, LMC Camacho, P Crespo, S McHugh, D Salmerón,Environmental management
W Buytaert, V Iñiguez, R Célleri, B Bievre, G Wyseure, J Deckers,Environmental role of wetlands in headwaters
Adriana Monserrath Orellana-Paucar, Ann-Sophie K Serruys, Tatiana Afrikanova, Jan Maes, Wim De Borggraeve, Jo Alen, Fabián León-Tamariz, Isabel María Wilches-Arizábala, Alexander D Crawford, Peter AM de Witte, Camila V Esguerra,Epilepsy & behavior
M Zuñiga-Prieto, P Cedillo, J Gonzalez-Huerta, E Insfran, S Abrahão,Ercim News
M Zuñiga-Prieto, P Cedillo, J Gonzalez-Huerta, E Insfran, S Abrahão,Ercim News
L Vivanco, X Salazar, MF Cordero,ESTOA
X Salazar,ESTOA
M MOYA MÉNDEZ,Estudios Culturales
DO Valdez, F Quesada, ML Catalán, VG Mena, A Serrano,Estudios sobre Arte Actual
DO Valdez, FQ Molina, ML Catalán, VG Mena, A Serrano,Estudios sobre Arte Actual
DO Valdez, FQ Molina, ML Catalán, VG Mena, A Serrano,Estudios sobre Arte Actual
ML Catalán, F Quesada, VG Mena, DV Orellana, A Serrano,Estudios sobre Arte Actual
ML Catalán, FQ Molina, VG Mena, DV Orellana, A Serrano,Estudios sobre Arte Actual
ML Catalán, FQ Molina, VG Mena, DV Orellana, A Serrano,Estudios sobre Arte Actual
SM Cordero,Estudios sobre Arte Actual
J Prada-Trigo, D Armijos Chillogallo, A Crespo Córdova, L Torres León,Estudios y Perspectivas en Turismo
J Prada-Trigo, DA Chillogallo, AC Córdova, LT León,Estudios y Perspectivas en Turismo
V. V. Kanev, V. V. Mokiev,Eurasian Soil Science
M Hermida, C Hermida, N Cabrera, C Calle,EURE-REVISTA LATINOAMERICANA DE ESTUDIOS URBANO REGIONALES
M Hermida, C Hermida, N Cabrera, C Calle,EURE-REVISTA LATINOAMERICANA DE ESTUDIOS URBANO REGIONALES
M Pérez, F Eskola, S Guzmán, P Rosas, E Tapia,"European Scientific Journal, ESJ"
M Pérez,"European Scientific Journal, ESJ"
O Jadán,Evaluación ecológica CI
S Astudillo Durán, AE Briozzo,FAEDPYME INTERNATIONAL REVIEW
V. V. Lemeshko, V. V. Obukhovsky,Ferroelectrics
V. V. Shibalina, V. V. Shmatova,Fibre Chemistry
V. V. Znamenskii, V. V. Lunev,Fluid Dynamics
A Rodríguez-Ch, P Cedillo, P Beltrán, J Ortiz,"Frontiers in Education, FIE"
J Guyot-Téphany, C Grenier, D Orellana,Galapagos Report
JC García, D Orellana, E Araujo,GALAPAGOS REPORT 2011
J Guyot-Téphany, C Grenier, E Cléder, D Orellana,GALAPAGOS REPORT 2011
P Vanegas, D Cattrysse, J Van Orshoven,"Geocomputation, Sustainability and Environmental Planning"
E Tacuri, L Lupercio, L Geovany, M López,GEOESPACIAL
V Saquicela, Luis. M. Vilches-Blázquez, Oscar Corcho,Geographic Information Systems
D Orellana, M Wachowicz,Geographical Analysis
W Buytaert, B De Bièvre, R Célleri, F Cisneros, G Wyseure, S Deckers,Geomorphology
W Buytaert, R Célleri, L Timbe,Geophysical Research Letters
A Moreira, MY Santos, M Wachowicz, D Orellana,Geospatial Thinking
L Herrera Montero,Gestión Política y Gobierno
V. V. Samoilenko, V. V. Firsov,Glass and Ceramics
JL Espinoza, H Vredenburg,Global Business and Economics Review
A Tello, B van der Waaij, A Lazovik,Groningen/Universidad de Groningen/
E Zalamea,Hábitat Sustentable
F Quesada,Hábitat Sustentable
MA Hermida, P Osorio, N Cabrera, S Vanegas,Hábitat Sustentable
B Torres, O Jadán, P Aguirre, L Hinojosa, S Günter,Handbook of Climate Change Adaptation
V. V. Osipov, V. V. Platonov, V. V. Lisenkov,Handbook of Nanoparticles
V. V. Osipov, V. V. Platonov, V. V. Lisenkov,Handbook of Nanoparticles
RA de Araujo, S Torres, MC de Almeida, CA Castro,"Heuristics: Theory and Applications, 1, pages"
R Célleri, L Timbe, RF Vázquez, J Feyen,HIP-VI UNESCO Technical Documents in Hydrology
R Célleri, L Timbe, RF Vázquez, J Feyen,HIP-VI UNESCO Technical Documents in Hydrology
MR Pelaez-Samaniego, V Yadama, E Lowell, TE Amidon, TL Chaffee,Holzforschung
MR Pelaez-Samaniego, V Yadama, T Garcia-Perez, E Lowell, T Amidon,Holzforschung
Manuel R Pelaez-Samaniego, Vikram Yadama, Manuel Garcia-Perez, Eini Lowell, Rui Zhu, Karl Englund,Holzforschung
V B, V V,Human. Sport. Medicine
AM Studholme, H Hampel, DS Finn, RF Vázquez,Hydrobiologia
RF Vázquez, L Feyen, J Feyen, JC Refsgaard,Hydrological Processes
R Célleri, P Willems, W Buytaert, J Feyen,Hydrological Processes
RF Vázquez, P Willems, J Feyen,Hydrological Processes
P Crespo, A Bücker, J Feyen, KB Vaché, HG Frede, L Breuer,Hydrological Processes
BF Ochoa‐Tocachi, W Buytaert, B De Bièvre, R Célleri, P Crespo, M Villacís, Carlos A. Llerena, L Acosta, M Villazón, M Guallpa, J Gil-Ríos, P Fuentes, D Olaya, P Viñas, G Rojas, S Arias,Hydrological Processes
Boris F Ochoa‐Tocachi, Wouter Buytaert, Bert De Bièvre, Rolando Célleri, Patricio Crespo, Marcos Villacís, Carlos A Llerena, Luis Acosta, Mauricio Villazón, Mario Guallpa, Junior Gil‐Ríos, Paola Fuentes, Dimas Olaya, Paúl Viñas, Gerver Rojas, Sandro Arias,Hydrological Processes
G Mosquera, R Célleri, PX Lazo, KB Vaché, SS Perakis, P Crespo,Hydrological Processes
G Mosquera, R Célleri, PX Lazo, KB Vaché, SS Perakis, P Crespo,Hydrological Processes
G Mosquera, R Célleri, PX Lazo, KB Vaché, SS Perakis, P Crespo,Hydrological Processes
A Correa, D Windhorst, P Crespo, R Célleri, J Feyen, L Breuer,Hydrological Processes
A Correa, D Windhorst, P Crespo, R Célleri, J Feyen, L Breuer,Hydrological Processes
A Correa, D Windhorst, P Crespo, R Célleri, J Feyen, L Breuer,Hydrological Processes
E Timbe, J Feyen, L Timbe, P Crespo, R Célleri, D Windhorst, HG Frede, L Breuer,Hydrological Processes
Edison Timbe, Jan Feyen, Luis Timbe, Patricio Crespo, Rolando Célleri, David Windhorst, Hans‐Georg Frede, Lutz Breuer,Hydrological Processes
Edison Timbe, Jan Feyen, Luis Timbe, Patricio Crespo, Rolando Célleri, David Windhorst, Hans‐Georg Frede, Lutz Breuer,Hydrological Processes
A Molina, V Vanacker, E Brisson, D Mora, V Balthazar,Hydrology & Earth System Sciences Discussions
L Feyen, RF Vázquez, K Christiaens, O Sels, J Feyen,Hydrology and Earth System Sciences
D Windhorst, T Waltz, E Timbe, HG Frede, L Breuer,Hydrology and Earth System Sciences
E Timbe, D Windhorst, P Crespo, HG Frede, J Feyen, L Breuer,Hydrology and Earth System Sciences
D Windhorst, P Kraft, E Timbe, HG Frede, L Breuer,Hydrology and Earth System Sciences
E Timbe, D Windhorst, R Célleri, L Timbe, P Crespo, H-G Frede, J Feyen, L Breuer,Hydrology and Earth System Sciences
E Timbe, D Windhorst, R Célleri, L Timbe, P Crespo, HG Frede, J Feyen, L Breuer,Hydrology and Earth System Sciences
Edison Timbe, David Windhorst, Rolando Celleri, Luis Timbe, Patricio Crespo, Hans-Georg Frede, Jan Feyen, Breuer Lutz,Hydrology and Earth System Sciences
A Molina, V Vanacker, E Brisson, D Mora, V Balthazar,Hydrology and Earth System Sciences
G Mosquera, KB Vaché,Hydrology and Earth System Sciences
G Mosquera, KB Vaché,Hydrology and Earth System Sciences
G Mosquera, C Segura, KB Vaché, D Windhorst, L Breuer, P Crespo,Hydrology and Earth System Sciences
AE Ochoa-Sánchez, LE Pineda Ordonez, P Willems, P Crespo,Hydrology and Earth System Sciences Discussions
P Crespo, J Feyen, W Buytaert, R Célleri, HG Frede, M Ramírez, L Breuer,Hydrology and Earth System Sciences Discussions
P Crespo, J Feyen, W Buytaert, R Célleri, HG Frede, M Ramírez, L Breuer,Hydrology and Earth System Sciences Discussions
E Timbe, D Windhorst, P Crespo, HG Frede, J Feyen, L Breuer,Hydrology and Earth System Sciences Discussions
E Timbe, D Windhorst, R Célleri, L Timbe, P Crespo, H-G Frede, J Feyen, L Breuer,Hydrology and Earth System Sciences Discussions
E Timbe, D Windhorst, R Célleri, L Timbe, P Crespo, HG Frede, J Feyen, L Breuer,Hydrology and Earth System Sciences Discussions
MÁA López,Iconos. Revista de Ciencias Sociales
MAA Lopez,Iconos. Revista de Ciencias Sociales
R Medina, E Ibarra, V Morocho, P Vanegas,IEEE Latin America Transactions
J Maldonado, J Carvallo, J Siguencia,IEEE Revista Iberoamericana de Tecnologias del Aprendizaje
SP Torres, WH Peralta, CA Castro,IEEE Transactions on Power Systems
SP Torres, CA Castro,"IET Generation, Transmission & Distribution"
AA Pirela, HJ Hernández, CC Osorio, A Urdaneta, A J., JP Hernández, J. Mosquera,II Congreso Internacional de Producción Animal Especializado en Bovinos
AD De Ondiz-Sánchez, ER Soto-Belloso, R González-Fernández, F.P. Perea-Ganchou,II Congreso Internacional de Producción Animal Especializado en Bovinos
AD De Ondiz-Sánchez, GE Portillo-Martínez, CC Osorio-Meléndez, M.S. Perea-Brugal, F.P. Perea-Ganchou,II Congreso Internacional de Producción Animal Especializado en Bovinos
AD De Ondiz-Sánchez, JC Gutiérrez-Añez, CC Osorio-Meléndez, F.P. Perea-Ganchou,II Congreso Internacional de Producción Animal Especializado en Bovinos
Alvarado, J.P, LR Galarza, JP Garzón, C Batallas, FP Perea, PR Marini,II Congreso Internacional de Producción Animal Especializado en Bovinos
AT Guallpa, JP Garzón, DA Galarza, CU Iñiguez,II Congreso Internacional de Producción Animal Especializado en Bovinos
CA Estrella, AG Suconota, LE Ayala,II Congreso Internacional de Producción Animal Especializado en Bovinos
CL Ortuño, JA Narváez, JS Loja, H Maldonado, E M., O Andrade,II Congreso Internacional de Producción Animal Especializado en Bovinos
CS Torres-Inga, GE Guevara-Viera, RV Guevara-Viera, M.S. Méndez-Álvarez, M.E. Soria- Parra, F.G. Bermúdez,II Congreso Internacional de Producción Animal Especializado en Bovinos
CU Íñiguez, DA Galarza, DE Argudo, RH Alberio,II Congreso Internacional de Producción Animal Especializado en Bovinos
CU Íñiguez, DM Brito, NY Reinoso, DA Galarza, DE Argudo, RH Alberio,II Congreso Internacional de Producción Animal Especializado en Bovinos
DA Perdomo-Carrillo, FP Perea-Ganchou, E Soto-Belloso, J.A. Piña-Monsalve, P.A. Moratinos-López, M.D. Martínez-López, M.S. Perea-Brugal,II Congreso Internacional de Producción Animal Especializado en Bovinos
DE Argudo, CA Soria,II Congreso Internacional de Producción Animal Especializado en Bovinos
DE Argudo, JA Balvoa, MA Tenemaza, SM Méndez, ME Soria, L Ayala, L.R. Galarza, H.J. Hernández, F.P. Perea,II Congreso Internacional de Producción Animal Especializado en Bovinos
ER Rodas, LE Ayala, JV Gonzáles, PE Nieto, MT Pesántez, JM Vázquez, Y.A. Murillo, J.L. Pesantez, V.G. Serpa, M.E. Soria, G.R. Calle, J.B. Dután, J.X. Samaniego,II Congreso Internacional de Producción Animal Especializado en Bovinos
FP Perea-Ganchou, DA Perdomo-Carrillo, E Soto-Belloso, J.A. Piña-Monsalve, P.A. Moratinos-López, M.D. Martínez-López, M.S. Perea-Brugal, J.P. Garzón-Prado,II Congreso Internacional de Producción Animal Especializado en Bovinos
FP Perea-Ganchou, E Soto-Belloso, JA Piña-Monsalve, D.A. Perdomo-Carrillo, P.A. Moratinos-López, M.D. Martínez-López, M.S. Perea-Brugal,II Congreso Internacional de Producción Animal Especializado en Bovinos
FP Perea, AI Quezada, AR Mocha, DE Argudo, L Ayala, SM Méndez, M.E. Soria, L.R. Galarza, H.J. Hernández,II Congreso Internacional de Producción Animal Especializado en Bovinos
HM Maldonado, JA Narváez, MM Enríquez, CL Ortuño,II Congreso Internacional de Producción Animal Especializado en Bovinos
JB Dután, LE Ayala, ER Rodas, PE Nieto, JM Vázquez, JL Pesántez, O.S. Andrade, M.T. Pesántez, R.V. Guevara, G.V. Guevara, Y.A. Murillo, V.G. Serpa, R.A. Vanegas, J.G. Bustamante, G.R. Calle, V.V. Ortega, J.X. Samaniego,II Congreso Internacional de Producción Animal Especializado en Bovinos
JC Ramónez, SG Landívar, JL Pesántez, DF Rodríguez,II Congreso Internacional de Producción Animal Especializado en Bovinos
JL León, JC Ramónez, L Ayala, J Vázquez, R Rodas, JL Pesántez,II Congreso Internacional de Producción Animal Especializado en Bovinos
JX Samaniego, LE Ayala, PE Nieto, ER Rodas, JM Vázquez, YA Murillo, J.B. Dután, G.R. Calle, D.E. Argudo, F.P. Perea,II Congreso Internacional de Producción Animal Especializado en Bovinos
KA Astudillo, LE Ayala, FM Astudillo, JX Samaniego, CS Hernández, M.M. Jaramillo,II Congreso Internacional de Producción Animal Especializado en Bovinos
LR Galarza, FP Perea, RV Guevara, JP Alvarado, DE Argudo,II Congreso Internacional de Producción Animal Especializado en Bovinos
MG Villa, AE Vintimilla, GE López, OS Andrade, JA Narváez,II Congreso Internacional de Producción Animal Especializado en Bovinos
MS García, JP Garzón, EG López, DA Galarza,II Congreso Internacional de Producción Animal Especializado en Bovinos
NR Ortíz, LE Ayala, PR Marini,II Congreso Internacional de Producción Animal Especializado en Bovinos
OS Andrade, LE Ayala, PE Nieto, JL Pesántez, ER Rodas, JM Vázquez, Y.A. Murillo, Y.M. Aguilar, V.G. Serpa, J.B. Dután, J.G. Bustamante, G.R. Calle, V.L. Abad, M.A. Palacios,II Congreso Internacional de Producción Animal Especializado en Bovinos
PE Nieto, LE Ayala, JB Dután, ER Rodas, JM Vázquez, YA Murillo, G.R. Calle, J.X. Samaniego,II Congreso Internacional de Producción Animal Especializado en Bovinos
PJ Lascano, CN Arcos, RV Guevara, CS Torres, GE Guevara, VG Serpa, L.M. Curbelo, R.M. Pedraza,II Congreso Internacional de Producción Animal Especializado en Bovinos
R Tamasaukas, C Tamasauskas, M Cobo, S Rivera,II Congreso Internacional de Producción Animal Especializado en Bovinos
SE Bravo, RH Alberio, DE Argudo, JC Durán, FP Perea,II Congreso Internacional de Producción Animal Especializado en Bovinos
SM Mainato, AJ Vallecillo,II Congreso Internacional de Producción Animal Especializado en Bovinos
SM Mainato, Guevara-Viera G., AJ Vallecillo,II Congreso Internacional de Producción Animal Especializado en Bovinos
TE Palacios,II Congreso Internacional de Producción Animal Especializado en Bovinos
TE Palacios, SA Urdiales, LC Criollo,II Congreso Internacional de Producción Animal Especializado en Bovinos
VV Ortega, JB Dután, LE Ayala, ER Rodas, PE Nieto, JM Vázquez, J.L. Pesántez, O.S. Andrade, M.T. Pesántez, R.V. Guevara, G.V. Guevara, Y.A. Murillo, V.G. Serpa, R.A. Vanegas, J.G. Bustamante, G.R. Calle, J.X. Samaniego,II Congreso Internacional de Producción Animal Especializado en Bovinos
YA Murillo, JM Vázquez, LE Ayala, MT Pesántez, JL Pesántez, VG Serpa, E.R. Rodas, P.E. Nieto, G.R. Calle, J.G. Bustamante, J.B. Dután, O.S. Andrade, V.V. Ortega, J.X. Samaniego,II Congreso Internacional de Producción Animal Especializado en Bovinos
P Cedillo, Edisson Lazo, Juan Borja,INCISCOS
V. V. Srinivas, V. V. Varadhan,Information Technology and Mobile Communication
J Guyot-Téphany, C Grenier, D Orellana,INFORME GALÁPAGOS 2011
J Guyot-Téphany, C Grenier, E Cléder, D Orellana,INFORME GALÁPAGOS 2011
RF Vázquez, J Feyen, J Berlamont,"Ingeniería del agua, 2004, vol. 11, núm."
NG Jara, FZ Reinoso, C Isaza-Roldán, JL Espinoz,Ingenius
E Tapia, S Anderson, P Cruz, N Folks, M Johnson, D Loubriel,"INTEGRATIVE AND COMPARATIVE BIOLOGY 57, E165-"
S Anderson, P Cruz, N Folks, M Johnson, D Loubriel, O Niedzialek, M Perez, D Travis, V Gonzalez, J Hranitz, J Barthell,"INTEGRATIVE AND COMPARATIVE BIOLOGY 57, E6-"
D Ballari, D Orellana, E Acosta, A Espinoza, V Morocho,"International Archives of the Photogrammetry, Remote Sensing & Spatial …"
D Ballari, D Orellana, E Acosta, A Espinoza, V Morocho,"International Archives of the Photogrammetry, Remote Sensing & Spatial …"
D Orellana, F Smith,"International Archives of the Photogrammetry, Remote Sensing & Spatial …"
V. V. Ratkin, V. V. Malakhov,International Geology Review
V. V. Zolotukhin, V. V. Ryabov,International Geology Review
J Oliver, AE Huespe, E Samaniego, EWV Chaves,International journal for numerical and analytical methods in geomechanics …
T Rabczuk, JY Kim, E Samaniego, T Belytschko,International Journal for Numerical Methods in Engineering
E Samaniego, T Belytschko,International Journal for Numerical Methods in Engineering
J Oliver, AE Huespe, E Samaniego,International journal for numerical methods in engineering
J Oliver, AE Huespe, MDG Pulido, E Samaniego,International Journal for Numerical Methods in Engineering
H Talebi, C Samaniego, E Samaniego, T Rabczuk,International journal for numerical methods in engineering
A Ochoa, L Campozano, E Sánchez, R Gualán, E Samaniego,International Journal of Climatology
A Ochoa, L Campozano, E Sánchez, R Gualán, E Samaniego,International Journal of Climatology
L Campozano, A Vázquez‐Patiño, D Tenelanda, J Feyen, E Samaniego, E Sánchez,International Journal of Climatology
Lenin Campozano, Angel Vázquez-Patiño, Daniel Tenelanda, Jan Feyen, Esteban Samaniego, Esteban Sánchez,International Journal of Climatology
JL Espinoza, H Vredenburg,International Journal of Economics and Business Research 2 (3-4)
SP Torres, CA Castro,International Journal of Electrical Power & Energy Systems
V. V. Bondar, V. V. Yakovlev,International Journal of Fluid Mechanics Research
F Posso, J Sánchez, JL Espinoza, J Siguencia,international journal of hydrogen energy
F Posso, JL Espinoza, J Sánchez, J Zalamea,International Journal of Hydrogen Energy
T Rabczuk, E Samaniego, T Belytschko,International Journal of Impact Engineering
A Mazurek, A Beghini, J Carrion, WF Baker,International Journal of Space Structures 31 (2-4)
KK Zander, A Saeteros, D Orellana, VT Granda, A Wegner, A Izurietah, Stephen T Garnett,International Journal of Tourism Sciences 16 (1-2)
V Saquicela, Luis M. Vilches-Blázquez, Oscar Corcho,International Journal on Semantic Web and Information Systems
A Dewulf, M Mancero, G Cárdenas, D Sucozhanay,International Review of Administrative Sciences
DE Mogrovejo, GW Flintsch, ED de León Izeppi, KK McGhee,IRF
R Rojas, O Camacho, LG González,ISA transactions
M MOYA MÉNDEZ,ISBN 978-959-229-
MMMM Méndez,Islas
MM Méndez,Islas
MM Méndez,Islas
MM Méndez,Islas
MG Pérez, MM Méndez,Islas
ML Machado, MM Méndez,Islas
MM Méndez,Islas
MM Méndez,Islas
MM Méndez,Islas
MM Méndez,Islas
MM Méndez,Islas
MM Méndez,Islas
NM Flexas, MM Méndez,Islas
R Célleri, P Willems, J Feyen,ISSN No. 1390
RF Vázquez,ISSN No. 1390-6143
J Feyen, RF Vázquez,ISSN No. 1390-6143
AL Serrano, M Jaramillo, I Sanmartín, I Avecillas,IV CONGRESO REDU
R Trillo, J Gracia, M Espinoza, E Mena,J. UCS
V Morocho, L Pérez-Vidal, F Saltor,JISBD
P Cedillo, E Insfran, S Abrahao,JISBD
LP Vidal, FS Soler, V Morocho,Jornada de sistemas de información geográfica
V. V. Rubanik, V. V. Klubovich, V. V. Rubanik,Journal de Physique IV (Proceedings)
MR Szeles, RM Muñoz,Journal for Economic Forecasting
Manuel Raul Pelaez-Samaniego, Vikram Yadama, Manuel Garcia-Perez, Eini Lowell, Armando G McDonald,Journal of Analytical and Applied Pyrolysis
Tim J Hilbers, Zhouhong Wang, Brennan Pecha, Roel JM Westerhof, Sascha RA Kersten, Manuel Raul Pelaez-Samaniego, Manuel Garcia-Perez,Journal of analytical and applied pyrolysis
MA Wattiaux, JP Iñamagua-Uyaguari, F Casasola-Coto, L Guerra-Alarcón, A Jenet,Journal of Animal Science 94 (supplement5)
H Talebi, G Zi, M Silani, E Samaniego, T Rabczuk,Journal of Applied Mathematics
V. V. Kucherenko, V. V. Shamko,Journal of Applied Mechanics and Technical Physics
V. V. Kucherenko, V. V. Shamko,Journal of Applied Mechanics and Technical Physics
V. V. Struzhanov, V. V. Bashurov,Journal of Applied Mechanics and Technical Physics
J Orellana-Alvear, R Célleri, R Rollenbeck, J Bendix,Journal of Applied Meteorology and Climatology
P Cimiano, E Montiel-Ponsoda, P Buitelaar, M Espinoza, A Gómez-Pérez,Journal of Applied Ontology (JAO)
V. V. Grigor’ev, V. V. Kabanov,Journal of Applied Spectroscopy
V. V. Davydov, V. V. Semenov,Journal of Applied Spectroscopy
AD Kakuste, MS Borse, GH Sonawane,Journal of Chemical and Pharmaceutical Research
Bjorge Decostere, Andres Alvarado, Esteban M Sánchez, Guillermina C Pauta, Diederik PL Rousseau, Ingmar Nopens, Stijn WH Van Hulle,Journal of Chemical Technology and Biotechnology
V. V. Anenkov, V. V. Shevchenko,Journal of Communications Technology and Electronics
V. V. Gnilitskii, V. V. Insarov,Journal of Computer and Systems Sciences International
FX Flores, FA Charney, D Lopez-Garcia,Journal of Constructional Steel Research
FX Flores, D Lopez-Garcia, FA Charney,Journal of Constructional Steel Research
F Flores, F Charney, D Lopez-Garcia,Journal of Constructional Steel Research
J Rey-Perez, J Rey-Perez, ME Siguencia Ávila, ME Siguencia Ávila,Journal of Cultural Heritage Management and Sustainable Development 7 (3 …
V. V. Ivanov, V. V. Salomatov,Journal of Engineering Physics
V. V. Ivanov, V. V. Salomatov,Journal of Engineering Physics
V. V. Ivanov, V. V. Salomatov,Journal of Engineering Physics
HB Van Hoof, M Estrella, MI Eljuri, LT León,Journal of Hispanic Higher Education
S Xu, H Van Hoof, AL Serrano, L Fernandez, N Ullauri,Journal of Human Resources in Hospitality & Tourism
J Dehotin, RF Vázquez, I Braud, S Debionne, P Viallet,Journal of Hydrology
W Buytaert, R Célleri, P Willems, B De Bievre, G Wyseure,Journal of Hydrology
RF Vázquez,Journal of Hydrology
RF Vázquez, J Feyen,Journal of Hydrology
Patricio Javier Crespo, Jan Feyen, Wouter Buytaert, Amelie Bücker, Lutz Breuer, Hans-Georg Frede, Marco Ramírez,Journal of Hydrology
P Willems, D Mora, T Vansteenkiste, MT Taye, N Van Steenbergen,Journal of Hydrology
James C.Bathursta, Steve J.Birkinshawa, FelipeCisneros, JorgeFallas,AndrésIroumé, RodolfoIturraspe, Marcelo Gaviño Novillo, Adriana Urciuolo, Andrés Alvarado, Cristian Coello, Anton Huber, Miriam Miranda, Marco Ramirez, Ramiro Sarandón,Journal of Hydrology
A Molina, V Vanacker, V Balthazar, D Mora, G Govers,Journal of Hydrology
RF Vázquez, J Feyen,Journal of Hydrology
RF Vázquez, H Hampel,Journal of Hydrology
RS Padrón, BP Wilcox, P Crespo, R Célleri,Journal of Hydrometeorology
RS Padrón, BP Wilcox, P Crespo, R Célleri,Journal of Hydrometeorology
Tomás López-Guzmán, Ana Lucia Serrano López, Jesús Claudio Pérez Gálvez, Santiago Domingo Carpio Álvarez,Journal of International Food & Agribusiness Marketing
RF Vázquez, J Feyen,Journal of irrigation and drainage engineering
B De Bièvre, A Alvarado, L Timbe, R Célleri, J Feyen,Journal of irrigation and drainage engineering
B De Bièvre, A Alvarado, L Timbe, R Célleri, J Feyen,Journal of irrigation and drainage engineering
B De Bievre, A Alvarado, L Timbe, R Célleri, J Feyen,JOURNAL OF IRRIGATION AND DRAINAGE ENGINEERING© ASCE
B De Bievre, A Alvarado, L Timbe, R Célleri, J Feyen,JOURNAL OF IRRIGATION AND DRAINAGE ENGINEERING© ASCE
V. V Srdic, V. V Srdic,Journal of Materials Science
V. V. Uchaikin, V. V. Saenko,Journal of Mathematical Sciences
V. V. Matus, V. V. Porokhovs'kyi,Journal of Mathematical Sciences
V. V. Semenov, V. V. Bubnov,Journal of Mathematical Sciences
J Ulloa, P Rodríguez, E Samaniego,Journal of Mechanics of Materials and Structures
V. V. Trubitsyn, V. V. Chervov,Journal of Mining Science
V V Bazhanov, V V Mangazeev,Journal of Physics A: Mathematical and General
V. V. Rusanov, V. V. Pospelov,Journal of Soviet Mathematics
VLADIMIR V KOUZNETSOV, LUIS ASTUDILLOSAAVEDRA, LEONOR Y VARGAS MÉNDEZ, ME Cazar,Journal of the Chilean Chemical Society
K Goodman, A Carpio, SA Ballagh, M Carrion, G Abril, D Achig,"Journal of the Neurological Sciences 150, S"
A Bücker, P Crespo, HG Frede, L Breuer,Journal of Tropical Ecology
V. V. Protopopov, V. V. Danilov,Journal of Visualization
V. V. Arkhipchuk, V. V. Goncharuk,Journal of Water Chemistry and Technology
V. V. Goncharuk, V. V. Malyarenko,Journal of Water Chemistry and Technology
SM FM. Arévalo, P Cedillo,Killkana Técnica
MA Vintimilla,Kipus: Revista Andina de Letras (Quito)
MA Vintimilla,Kipus: Revista Andina de Letras (Quito)
MA Vintimilla,Kipus: Revista Andina de Letras (Quito)
RF Vázquez,"KU Leven, Bélgica"
LA Herrera,LA ARQUEOLOGÍA Y LA ANTROPOLOGÍA EN ECUADOR
M MOYA MÉNDEZ,"La Letra del Escriba,"
AM Moscoso,La Modernización de la Política y la Innovación Participativa
J Maldonado, Mar Pérez-Sanagustín, Jorge L. Bermeo, Lissette Muñoz, Guillermo Pacheco, Isabel Espinoza,LACLO2017
A Serra-Llobet, MA Hermida,Landscape and Urban Planning
RL Pull, V Morocho, MTM Crespo,Latin Am J Telehealth
HL Petersen, LF Escobar, JL Espinoza, H Vredenburg,Latin American Business Review
V Morocho, P González,Latin American Journal of Telehealth
Luis M. Vilches-Blázquez, V Saquicela, Oscar Corcho,Lecture Notes in Geoinformation and Cartography
GE Riera,Legenda
D Sucozhañay, L Siguenza-Guzman, C Zhimnay, D Cattrysse, G Wyseure, K De Witte, M Euwema,Liber Quarterly
Dolores Sucozhañay, L Siguenza Guzman, Cristian Zhimnay, Dirk Cattrysse, Guido Wyseure, Karel De Witte, Martin Euwema,Liber Quarterly
L Siguenza Guzman, Alexandra Van den Abbeele, Joos Vandewalle, Henri Verhaaren, Dirk Cattrysse,Library Quarterly
L Siguenza Guzman, Alexandra Van den Abbeele, Joos Vandewalle, Henri Verhaaren, Dirk Cattrysse,Library Quarterly
Sergio Ramos-Carmona, Juan F Pérez, Manuel Raúl Pelaez-Samaniego, Rolando Barrera, Manuel Garcia-Perez,Maderas. Ciencia y tecnología
L Campozano, D Ballari, R Célleri,Maskana
A Quichimbo, RF Vázquez,Maskana
AE Cabrera, HX Cueva, RE Sempértegui, JL Espinoza, DR Ochoa, AP Guevara, DV Ochoa,Maskana
CI Montalvo, OA Abril, RF Vázquez,Maskana
CS Abril, RE Arias, LM Guerrero, LG Gonzalez,Maskana
DA Toledo, JC Jaramillo, FG Santillán, LG Gonzalez,Maskana
R Gallardo, S Placencia, LG Gonzalez,Maskana
RM Quito, MV Guanuquiza, JL Espinoza, GS Pulla,Maskana
S Pedro, E Samaniego, A Samaniego, F Astudillo, M Díaz, D Cordero,Maskana
L Huiracocha, G Robalino, MS Huiracocha, JL García, CG Pazán, Aydeé Angulo,Maskana
L Campozano, E Sánchez, A Aviles, E Samaniego,Maskana
L Campozano, E Sánchez, A Aviles, E Samaniego,Maskana
AM Calle, S Calle, J Argudo, E Moscoso, A Smith, P Cabrera,Maskana
J Parra, D Astudillo, N Cedillo, G Ordoñez, F Sempértegui,Maskana
V Pinos, G Pinos,Maskana
AE Barragán, PE Ochoa,Maskana
G Pinos, J Ávila,Maskana
RF Vázquez,Maskana
W Pozo, T Sanfeliu, G Carrera,Maskana
J Feyen, HB Van Hoof,Maskana
Lourdes Huiracocha T., Carlos A. Almeida D, Karina Huiracocha T., Andrea Arteaga H, Jorge A Arteaga H, Paulina Barahona H, Juan E. Quezada H.,Maskana
J Feyen, RF Vázquez,Maskana
J Feyen, RF Vázquez,Maskana
A Alvarado, S Vedantam, G Durazno, I Nopens,Maskana
A Alvarado, S Vedantam, G Durazno, I Nopens,Maskana
G Mosquera, P Lazo, I Cárdenas, P Crespo,Maskana
G Mosquera, P Lazo, I Cárdenas, P Crespo,Maskana
G Mosquera, P Lazo, I Cárdenas, P Crespo,Maskana
H Hampel, J Cocha, D Vimos,Maskana
V Pinos, G Pinos, MD Palacios,Maskana
J Feyen, RF Vázquez,Maskana
JA Cabrera, OJ Cárdena, Alfredo Campoverde, JI Ortiz,Maskana
JA Cabrera, OJ Cárdena, MA Campoverde, JI Ortiz,Maskana
Lourdes Huiracocha T., Gladys Robalino I., Miriam S. Huiracocha T., Jorge L. García A., Carmen G. Pazán T., Aydeé Angulo, Carlos A. Almeida D.,Maskana
MD Palacios, FV Alvarado, CM Oleas,Maskana
E Segarra E., LE Encalada T., JL García A.,Maskana
ME Cazar, P Villena, J Parra, V Espinoza, G Larriva, A Caldas,Maskana
ME Vanegas, V Vázquez, D Moscoso, C Cruzat,Maskana
R Clavijo, C López, C Cedillo, C Mora, W Ortiz,Maskana
G Carrillo, A Astudillo,Maskana
G Carrillo, A Astudillo,Maskana
M Bernal,Maskana
MT Baquero L., F Quesada M.,Maskana
MT Baquero, F Quesada,Maskana
R Célleri, P Willems, J Feyen,Maskana
V Heras, T Steenberghen, M Zúñiga, F Cardoso, M Santana, K Van Balen,Maskana
A Oviedo,Maskana
DF Peña, MN Rocano, JM Salazar, CS Torres,Maskana
FR Posso, JP Sánchez,Maskana
G Bojorque, V Bojorque, J Dávalos,Maskana
HB Van Hoof, A Sharma, J Moon, MÁG Cordero, KF Pacheco,Maskana
JI Oritz S., MI Morocho M., ÁH Tenezaca T., MG Torres O., DP Ugalde T.,Maskana
MC Achig, M Zúñiga, K Van Balen, L Abar,Maskana
MC Achig, M Zúñiga, KV Balen, L Abad R.,Maskana
ME Vanegas, V Vázquez, D Moscoso, C Cruzat,Maskana
S Guevara, A Feicán, M del Carmen Ochoa, C Arévalo, ME Aguirre,Maskana
V Pinos, G Pinos, M Jerves, P Enzlin,Maskana
V Pinos, G Pinos, R Baitar, M Jerves, P Enzlin,Maskana
AA Chavez E.,Maskana
AM Calle, J Argudo, P Cabrera, MD Calle, MV León,Maskana
E Avila, F Albarracín, J Bojorque,Maskana
E Piedra, X Vélez, L Arciniegas, A Pacurucu, P Cabrera, F Mora,Maskana
FV Alvarado, AO Méndez, PT Ambrosi,Maskana
HB Van Hoof, AC Navas, A Fan, KF Pacheco, MÁG Cordero,Maskana
J Feyen, M Milia, HBV Hoof, K Quinde, V Ochoa, V Abril, J Bojorque,Maskana
J Feyen, P Crespo, R Célleri,Maskana
J Feyen, P Crespo, R Célleri,Maskana
J Feyen, P Crespo, R Célleri,Maskana
J Reinoso,Maskana
JF Mora, MP Abad,Maskana
K Santacruz, EP Samaniego Alvarado,Maskana
LM Timbe, EP Timbe,Maskana
LM Timbe, EP Timbe,Maskana
M Bernal,Maskana
M Bernal, J Feyen,Maskana
ME Maldonado,Maskana
MED Correa,Maskana
MF Villazón, LM Timbe, P Willems,Maskana
P Crespo, A Bücker, J Feyen, L Breuer, KB Vaché, HG Frede,Maskana
P Crespo, A Bücker, J Feyen, L Breuer, KB Vaché, HG Frede,Maskana
R Célleri, P Willems, J Feyen,Maskana
R Díaz-Granda, L Huiracocha,Maskana
S Blume,Maskana
A Aviles A., A Solera S.,Maskana
A Cueva, HB Van Hoof, R Han, MI Eljuri,Maskana
A Quichimbo, RF Vázquez, E Samaniego,Maskana
AB Larriva,Maskana
ASV Guayasamin,Maskana
BA Zárate T.,Maskana
C Íñiguez, D Brito, N Reinoso, D Galarza, D Argudo, R Alberio,Maskana
C Íñiguez, D Galarza, D Argudo, R Alberio,Maskana
C Rosales J., F León C., M Fajardo F., X Jara G.,Maskana
CLV Garcia,Maskana
D Argudo, C Soria,Maskana
D Mora Serrano, P Willems,Maskana
Daniel Argudo, J Balvoa, M Tenemaza, Silvana Méndez, Manuel Soria, Luis Ayala, Luis Galarza, F Hernández, Fernando Perea,Maskana
DE Mora, P Willems,Maskana
DF Peña, PG Villena, ÁJ Aguirre, CJ Merino,Maskana
E Franco, J Coterón, J Brito,Maskana
E Jerves, P Rober, P Enzlin,Maskana
E Martínez, C Coello, J Feyen,Maskana
G Bojorque, J Heredia,Maskana
G Bojorque, J Torbeyns,Maskana
HB van Hoof, AG Torres, LS Rodas, MI Eljuri, MJ Granda,Maskana
IL Carpio,Maskana
J Andrade,Maskana
J Bojorque,Maskana
J Bojorque,Maskana
J Drexler, RIR Reyes, ÁPC Chalán, DA Balarezo,Maskana
J Ortiz S., P Cedillo O., G Carpio P., T Prado L., M Robalino P., I Cobos T.,Maskana
J Ortiz, P Cedillo, G Carpio, T Prado, M Robalino, I Cobos,Maskana
J Parra, D Astudillo, P Parra, F Sempértegui,Maskana
JB Iñiguez,Maskana
JC López, SA Durán, XC Guerrero, JD Noboa, OA Martínez,Maskana
JE Staller,Maskana
JM Bernal,Maskana
JMV del Río, JB López,Maskana
Jorge Samaniego, Luis Ayala, Pedro Nieto, Ramiro Rodas, Juan Vázquez, Yury Murillo, Jorge Dután, Guido Calle, D Argudo, Fernando Perea,Maskana
JV Ochoa, XK Guillén, D Ullauri, J Narváez, E León-Mayer, JO Folino,Maskana
L Galarza, F Perea, R Guevara, J Alvarado, D Argudo,Maskana
L Huiracocha, S Blume, A Orellana, L Brito, V Abril, E Chilet, R Díaz, Silvia Sempértegui, Gicela Palacios, Daniela Monsalve, Jorge A Barahona, Sebastián Arteaga, Juan C Almeida, Mirian Huiracocha,Maskana
L Muñoz, J Medina, J Guillermo, JE Veintimilla Reyes,Maskana
L Muñoz, J Medina, J Guillermo, JE Veintimilla Reyes,Maskana
LM Timbe Castro, P Willems,Maskana
LMS Rodas, HB Van Hoof, A Fan, N Ullauri,Maskana
Lourdes Huiracocha, Suart Blume, Adriana Orellana, Liliana Brito, Victoria Abril, Elisa Chilet, Ruth Díaz, Silvia Sempértegui, Gicela Palacios, Daniela Monsalve, Jorge A Barahona, Sebastián Arteaga, Juan C Almeida, Mirian Huiracocha,Maskana
LV López V.,Maskana
M Alonso, P Mosquera, H Hampel, RF Vázquez,Maskana
M Alonso, P Mosquera, H Hampel, RF Vázquez,Maskana
M del Cisne Aguirre U., ÁJ Álvarez G.,Maskana
M Ortíz, C Rosales, Y Aguilar, Y Murillo, G Serpa, T Paguay, ÁG Coronel,Maskana
MA de la Cadena,Maskana
MA Hermida,Maskana
MA Hermida,Maskana
MA Hermida,Maskana
MA Hermida,Maskana
ME Flores, MM Idrovo, DV Flores,Maskana
ME Vanegas, N García, V Vázquez, D Moscoso,Maskana
MED Correa, JSD Correa,Maskana
MF Soliz,Maskana
MN Rocano, PG Villena, DF Peña,Maskana
MV Vásquez,Maskana
MVV Bernal, MEV Chiquito,Maskana
NA Peñaloza, GC Zambrano, MP Madero, CM Oleas,Maskana
NG Alvear, MA Terán,Maskana
OJ Cárdenas,Maskana
OL Quintero, FL Jaramillo P., M Bastidas,Maskana
OS Andrade, EL Galarza, JA Narváez, MT Pesántez,Maskana
P Cordero, S Vanegas, MA Hermida,Maskana
P Cordero, S Vanegas, MA Hermida,Maskana
P Cordero, S Vanegas, MA Hermida,Maskana
P Vanegas, D Cattrysse, J Van Orshoven,Maskana
P Vanegas, D Cattrysse, JV Orshoven,Maskana
PG Villena O.,Maskana
PPJ Torres,Maskana
R Gualán, E Sánchez, L Campozano, E Samaniego, Á Vázquez,Maskana
R Gualán, E Sanchez, L Campozano, E Samaniego, Angel Vázquez-Patiño,Maskana
R Medina, S Bautista, A Zeas-Puga, V Morocho,Maskana
RC Díaz-Granda, LE Díaz-Granda,Maskana
RF Vázquez,Maskana
RF Vázquez,Maskana
RF Vázquez, D Isidoro, B Sayah,Maskana
S Bravo, R Alberio, D Argudo, L Durán, F Perea,Maskana
SA Durán, XC Guerrero, FC Méndez, SP Rodríguez,Maskana
SH Olarte,Maskana
SL Ordoñez, DP Pillacela Zhunio, JM Salazar, DF Peña Tapia,Maskana
TE Palacios,Maskana
VP Pinos, RC Álvarez, P Tripaldi,Maskana
YE Ledesma, AR Cobos,Maskana
YE Ledesma, AR Cobos,Maskana
Valeria Alexandra Haro Valle, Wilson Rodrigo Pérez Rocano, L Siguenza Guzman, Dirk Cattrysse, Víctor Hugo Saquicela Galarza,Maskana
F Parra, D Andrade, J Cruz, L Solano-Quinde, K Palacio-Baus, L Encalada, S Wong,Maskana
A Tello, R Freire, M Espinoza, V Saquicela,Maskana
A Tello, R Freire, M Espinoza, V Saquicela,Maskana
JC Guillermo, R Gualán, LD Solano-Quinde, D Collaguazo-Montalvan, W Ramírez-Montalvan, A La Cruz,Maskana
L Lupercio, F Baculima, M Espinoza, V Saquicela,Maskana
R Medina, E Ibarra, V Morocho, P Vanegas,Maskana
RM Gualán-Saavedra, LD Solano-Quinde,Maskana
RM Gualán-Saavedra, LD Solano-Quinde,Maskana
W Pérez, K Abad, JP Carvallo, M Espinoza, V Saquicela,Maskana
J Fajardo-Reinoso, DA Salinas, LS Quinde, S Wong,Maskana
LM Guillén, JM Cartuche, JG Aungüisaca, JV Reyes,Maskana
MZ Prieto, LS Quinde, E Insfran, Y Cabrera,Maskana
R Gualán, R Freire, A Tello, M Espinoza, V Saquicela,Maskana
R Gualán, R Freire, A Tello, M Espinoza, V Saquicela,Maskana
J Avila, X Riofrío, M Espinoza, V Saguicela, K Palacio-Baus,Maskana
A Abdal-hay, P Vanegas, JK Lim,Materials Letters
V. V. Haurylavets, V. V. Tikhomirov,Mathematical Models and Computer Simulations
M Zuñiga-Prieto, J Gonzalez-Huerta, SM Abrahão, E Insfran,ME@ MoDELS
V. V. Kostrov, V. V. Chekushkin, V. V. Bulkin,Measurement Techniques
V. V. Bulkin, V. V. Kostrov,Measurement Techniques
V. V. Chekushkin, V. V. Bulkin,Measurement Techniques
V. V. Yakovenko, V. V. Miroshnikov,Measurement Techniques
V. V. Kopchikov, V. V. Gur'ev,Mechanics of Composite Materials
V. V. Bondarenko, V. V. Perepelkin,Mechanics of Solids
V. V. Bondarenko, V. V. Perepelkin,Mechanics of Solids
LAH Montero,Memorias del Primer Congreso Latinoamericano de Antropología Aplicada
V. V. Zabil'skii, V. V. Velichko,Metal Science and Heat Treatment
MJ Uriz,Microscopy research and technique
L Herrera Montero,Ministerio de Bienestar Social
P Cedillo, J Gonzalez-Huerta, SM Abrahão, E Insfran,MoDELS@ Run. time
D Achig,Modernization of Traditional Chinese Medicine and Materia Medica
V. V. Aleksandrov, V. V. Cheremisin,Moscow University Mechanics Bulletin
R Célleri, J Feyen,Mountain Research and Development
M Córdova, G Carrillo-Rojas, P Crespo, B Wilcox, R Célleri,Mountain Research and Development
M Córdova, G Carrillo-Rojas, P Crespo, B Wilcox, R Célleri,Mountain Research and Development
M Córdova, G Carrillo-Rojas, P Crespo, B Wilcox, R Célleri,Mountain Research and Development
M Trueman, R Standish, D Orellana, W Cabrera,NeoBiota
Arturo Carpio, Alfredo Campoverde, Matthew L Romo, Lorena García, Luis M Piedra, Mónica Pacurucu, Nelson López, Jenner Aguilar, Sebastian López, Luis C Vintimilla, Ana M Toral, Pablo Peña-Tapia,Neurology-Neuroimmunology Neuroinflammation
V. V. Porseva, V. V. Shilkin,Neuroscience and Behavioral Physiology
M Wachowicz, AH Vazquez, DE Ballari, D Orellana, A Rodriguez,Novática: Revista de la Asociación de Técnicos de Informática
J Maldonado, J Siguencia, JP Carvallo,Novena Conferencia Latinoamericana de Objetos y Tecnologías de Aprendizaje
AM Moscoso, VGA Feijó,OBETS. Revista de Ciencias Sociales
V. V. Sorokina, V. V. Kulygin,Oceanology
ME Mejía, E Montiel-Ponsoda, GA de Cea, A Gómez-Pérez,Ontology Engineering in a Networked World
E Zalamea, G Rodrigo, B Sergio,Open House International
APOLLONOV V V APOLLONOV V V,Optics and Precision Engineering
P Vanegas, D Cattrysse, J Van Orshoven,Optimization and Engineering
P Vanegas, D Cattrysse, J Van Orshoven,ORBEL'
PF Vanegas Peralta, D Cattrysse, J Van Orshoven,ORBEL'
LA Herrera,Pensamientos críticos contemporáneos: Análisis desde Latinoamérica
V. V. Biryukov, V. V. Kafarov,Pharmaceutical Chemistry Journal
V. V. Popov, V. V. Kosarev,Physica Status Solidi (a)
V. V. Petrov, V. V. Chornyi,Physica Status Solidi (a)
V. V. Ogorodnikov, V. V. Pokropivny,Physica Status Solidi (b)
V. V. Nemoshkalenko, V. V. Gorskii,Physica Status Solidi (b)
V. V. Zotov, V. V. Serdyuk,Physica Status Solidi (b)
V. V. Knysh, V. V. Chernov,Physical Oceanography
V. V. Pustovoitenko, V. V. Malinovsky,Physical Oceanography
V. V. Flambaum, V. V. Sokolov,Physical Review B
V. V. Mkhitaryan, V. V. Dobrovitski,Physical Review B
V. V. Doubov, V. V. Korablev,Physics of the Solid State
V. V. Titkov, V. V. Filatov,Plasma Devices and Operations
Adriana Monserrath Orellana-Paucar, Tatiana Afrikanova, Joice Thomas, Yelaman K Aibuldinov, Wim Dehaen, Peter AM de Witte, Camila V Esguerra,PLoS One
V. V. Moskvitin, V. V. Kolokol'chikov,Polymer Mechanics
WE Barreto, SP Torres, CA Castro,"PowerTech (POWERTECH), 2013 IEEE Grenoble"
V. V. V.’yugin, V. P. Maslov,Problems of Information Transmission
J Veintimilla-Reyes, D Cattrysse, A De Meyer, J Van Orshoven,Procedia Engineering
J Veintimilla-Reyes, F Cisneros, PV Peralta,Procedia Engineering
MA Hermida, M Neira, N Cabrera-Jara, P Osorio,Procedia Engineering
AL Borrero,Procesos. Revista ecuatoriana de historia
O Jadán, ZA Mendoza,Programa de Evaluación Rápida
F Sardà, JB Company, N Bahamón, G Rotllant, MM Flexas, JD Sánchez, D Zúñiga, J Coenjaerts, D Orellana, G Jordà, J Puigdefábregas, A Sánchez-Vidal, A Calafat, D Martín, M Espino,Progress in Oceanography
M Zuñiga-Prieto, J Gonzalez-Huerta, SM Abrahão, E Insfran,PSRC@ MoDELs
AL Borrero Vega,"Pucará, revista de Humanidades"
V V Osipov, V V Platonov, V V Lisenkov,Quantum Electronics
V V Osipov, V V Lisenkov, V V Platonov,Quantum Electronics
V V Dudorov, V V Kolosov,Quantum Electronics
V V Dudorov, V V Kolosov,Quantum Electronics
MA Zúñiga Prieto,Quito: USFQ
V. V. Balinov, V. V. Vitkevich,Radio Astronomy
V. V. Vorob'ev, V. V. Shemetov,Radiophysics and Quantum Electronics
V. V. Demchenko, V. V. Dolgopolov,Radiophysics and Quantum Electronics
V. V. Sazonov, V. V. Karavaev,Radiophysics and Quantum Electronics
V. V. Vorob'ev, V. V. Shemetov,Radiophysics and Quantum Electronics
O Jadán, ZA Mendoza,RAP Bulletin of Biological Assessment
L Herrera Montero,Realis
L Herrera Montero,Realis Revista de Estudos AntiUtilitaristas e PosColoniais
P Encalada,REDVET
ME Encalada Paredes,REDVET. Revista electrónica de Veterinaria
ME Encalada Paredes,REDVET. Revista electrónica de Veterinaria
V. V. Kashinov, V. V. Voznesenskii,Refractories
V. V. Primachenko, V. V. Martynenko,Refractories and Industrial Ceramics
RM Muñoz, N Pontarollo,Regions Magazine
G Carrillo-Rojas, B Silva, M Córdova, R Célleri, J Bendix,Remote Sensing
G Carrillo-Rojas, B Silva, M Córdova, R Célleri, J Bendix,Remote Sensing
J Ulloa, D Ballari, L Campozano, E Samaniego,Remote Sensing
Manuel Raúl Peláez-Samaniego, M Garcia-Perez, LB Cortez, F Rosillo-Calle, J Mesa,Renewable and Sustainable Energy Reviews
Manuel Raul Pelaez-Samaniego, Rita L Hummel, Wei Liao, Jingwei Ma, Jim Jensen, Chad Kruger, Craig Frear,Renewable and Sustainable Energy Reviews
Marcelo Rodrigo García Saquicela, Ernesto  Ruppert Filho, José Luis  Azcue Puma,Renewable Energy and Power Quality Journal
J Duran, D Argudo, S Bravo, C Soria, G Guevara, R Alberio,"Reproduction, Fertility and Development"
RM Muñoz,Retos
RM Muñoz,Retos
JI Ortiz Segarra, P Cedillo, G Carpio,Rev. Fac. Cienc. Méd. Univ. Cuenca
L Siguenza Guzman, Alexandra Van den Abbeele, Joos Vandewalle, Henri Verhaaren, Dirk Cattrysse,Review of Business and Economic Literature
O Jadán, B Torres, S Günter,Revista Amazónica Ciencia y Tecnología
E Tacuri,REVISTA AXIOMA
E Zalamea-Leon, F Quesada,Revista de Arquitectura
E Zalamea-Leon, F Quesada,Revista de Arquitectura
E Zalamea-León, F Quesada,Revista de Arquitectura
E Zalamea-León, F Quesada,Revista de Arquitectura
JP Iñamagua Uyaguari, A Jenet, LG Alarcón Guerra, S Vílchez Mendoza, F Casasola Coto, MA Wattiaux,Revista de Ciencias Ambientales
LH Montero,Revista de Estudos AntiUtilitaristas e PosColoniais
AL Borrero,"Revista de Investigaciones, Universidad del Azuay"
E Zalamea, R Garcia Alvarado,Revista de la Construcción
E Zalamea, R García Alvarado,Revista de la construcción
AM Moscoso,Revista de la Faculdade de Direito do Sul de Minas
GEM Ochoa, DEM Avilez, MLH Tutivén, MEA Ulloa, SVA Ulloa,Revista de la Facultad de Ciencias Médicas
José Ignacio Ortiz Segarra, Marco Vinicio Freire Argudo, Elvira del Carmen Palacios Espinoza, Bernardo José Vega Crespo, Doriz Angélica Jiménez Brito, Alfredo Campoverde\, Lorena Cristina Eulalia Muñoz Tigrero, Libia Graciela Alvarado Verdugo,Revista de la Facultad de Ciencias Médicas
KLC Abril, JXS Ortega, RSL Lazo, MLH Tutivén,Revista de la Facultad de Ciencias Médicas
MLH Tutiven, RDR Sulbarán, MSH Tutivén,Revista de la Facultad de Ciencias Médicas
M Soria, C Soria, D Argudo, G Serpa, S Méndez, C Torres, G Guevara,Revista de Producción Animal
Manuel E Soria Parra, Carlos A Soria Parra, Daniel Argudo Garzón, Guillermo Serpa García, Silvana Méndez Álvarez, Carlos Torres Inga, Guillermo E Guevara Viera,Revista de Producción Animal
LGG Morales, EC Morles, PV Peralta, RES Álvarez,Revista Facultad de Ingeniería
LG Gonzalez, E Colina-Morles, P Vanegas, Rodrigo Efraín Sempertegui-Álvarez,Revista Facultad de Ingeniería Universidad de Antioquia
O Jadan, S Guenter, B Torres, D Selesi,REVISTA FORESTAL MESOAMERICA KURU-RFMK
O Jadán, S Günter, B Torres, D Selesi,Revista Forestal Mesoamericana Kurú
J Astudillo, V Morocho, L Vivanco, N Pacurucu, X Salazar,Revista Geoespacial
D BALLARI, E ACOSTA, Á ESPINOZA, D Orellana,Revista GEOESPACIAL
EF Zalamea Leon,REVISTA HABITAT SUSTENTABLE
Maria Augusta Hermida Palacios, Natasha Cabrera Jara, Pablo Osorio Guerrero, Sebastian Vanegas Bravo,REVISTA HABITAT SUSTENTABLE
AM Moscoso, P Vázquez,Revista Iberoamericana de Evaluación Educativa
E Zalamea,Revista Ingeniería de Obras Civiles
O Camacho, R Rojas, LG Gonzalez,Revista INGENIERÍA UC
J Martínez Borrero,Revista Kaypunku
JM Borrero,Revista Kaypunku
JM Borrero,Revista Kaypunku
L Herrera Montero,"Revista Latinoamericana de Estudios sobre Cuerpos, Emociones y Sociedad"
M Mendieta, ME Estrella,Revista Latinoamericana de Población
W Buytaert, R Célleri, B Biévre, J Deckers, G Wyseure,Revista Marginalia
F Torres, C Sánchez, KPB Baus,Revista Maskana 5 (Volumen 5 No. especial (2014) - MATCH'14)
Tamara Saquicela Carpio,  Adrián  Ormaza Romero,Revista Médica del Hospital José Carrasco Arteaga
D Achig,Revista Médica HJCA
JF Morales, D Ávila, M Gaybor, ME Cazar,Revista Médica HJCA
T Coronel, X Arciniegas, C Rodas, ME Cazar,Revista Médica HJCA
T Bolaños, A Moscoso,Revista Nodo
ME Mejía, V Saquicela, KP Baus, H Albán,Revista Politécnica
ME Mejía, V Saquicela, KP Baus, H Albán,Revista Politécnica
J Ávila, X Riofrío, M Espinoza, V Saquicela, K Palacio-Baus, H Albán,Revista Politécnica
LG González, F Cabrera, P Vanegas, O Carranza,Revista Politécnica
J Veintimilla, F Cisneros,Revista Politécnica
KSP Baus, ME Mejía, V Saquicela, H Albán, J Ávila, X Riofrío,Revista Politécnica
LF Duque, RFV Zambrano,Revista Politécnica
O Camacho, R Rojas, LG Gonzalez,Revista Técnica de la Facultad de Ingeniería. Universidad del Zulia
Raffaella Ansaloni, Isabel Wilches, Fabián León, Eugenia Peñaherrera, Adriana Orellana, Vladimiro Tobar, Peter De Witte,Revista Tecnológica-ESPOL
K Palacio, J Auquilla, E Calle,Revista Tecnológica-ESPOL
J Veintimilla-Reyes, FA Larrea,Revista Tecnológica-ESPOL
JE Veintimilla, F Cisneros, P Capelo,Revista Tecnológica-ESPOL
JE Veintimilla, F Cisneros,Revista Tecnológica-ESPOL
J Veintimilla-Reyes, FC Espinoza, E Tacuri, J Pino,Revista Tecnológica-ESPOL
J Veintimilla-Reyes, FC Espinoza, ET Espinoza, J Pino,Revista Tecnológica-ESPOL
JE Veintimilla, M Espinoza, FE Cisneros,Revista Tecnológica-ESPOL
JE Veintimilla, MM Espinoza, FE Cisneros,Revista Tecnológica-ESPOL
LXE Garzón, LEI Peña, M Espinoza,Revista Tecnológica-ESPOL
D Orellana, C Hermida, P Osorio,Revista Transporte y Territorio
V Vanacker, G Govers, E Tacuri, J Poesen, G Dercon, F Cisneros,Revue de Géographie Alpine
F Cisneros, G Dercon, J Poesen, E Tacuri, G Govers, V Vanacker,Revue de géographie alpine
A Dewulf, M Mancero, G Cárdenas, D Sucozhañay,Revue Internationale des Sciences Administratives
Nelson Piedra, Janneth Chicaiza, Pricila Quichimbo, V Saquicela, Elizabeth Cadme, Jorge López, M Espinoza, Edmundo Tovar,RISTI-Revista Ibérica de Sistemas e Tecnologias de Informação
K Abad, JP Carvallo, M Espinoza, V Saquicela,RISTI-Revista Ibérica de Sistemas e Tecnologias de Informação
K Abad, JP Carvallo, M Espinoza, V Saquicela,RISTI-Revista Ibérica de Sistemas e Tecnologias de Informação
Nelson Piedra, Janneth Chicaiza, Pricila Quichimbo, V Saquicela, Elizabeth Cadme, Jorge López, M Espinoza, Edmundo Tovar,RISTI-Revista Ibérica de Sistemas e Tecnologias de Informação
J Durán, MA Hermida,rita_revista indexada de textos académicos
V V Andrievskiĭ, V V Maĭmeskul,Russian Academy of Sciences. Izvestiya Mathematics
V V Fedorchuk, V V Filippov,Russian Academy of Sciences. Sbornik Mathematics
V. V. Yanilkin, V. V. Zverev,Russian Chemical Bulletin
V. V. Davydov, V. V. Rubtsov,Russian Education & Society
V. V. Gavriliuk, V. V. Malenkov,Russian Education & Society
V. V. Patsiorkovskii, V. V. Patsiorkovskaia,Russian Education & Society
V. V. Bushuev, V. V. Molodtsov,Russian Engineering Research
V. V. Bushuev, V. V. Molodtsov,Russian Engineering Research
V. V. Syrkin, V. V. Dranitsin,Russian Engineering Research
V. V. Isaeva, V. V. Yushin,Russian Journal of Developmental Biology
V. V. Egorov, V. V. Batrakov,Russian Journal of Electrochemistry
V. V. Kurdakova, V. V. Kondrat'ev, V. V. Malev,Russian Journal of Electrochemistry
V. V. Sukhodolets, V. V. Prokop?ev,Russian Journal of Genetics
V. V. Prokop’ev, V. V. Sukhodolets,Russian Journal of Genetics
V. V. Prokop’ev, V. V. Sukhodolets,Russian Journal of Genetics
V V Sazonov, V V Ul'yanov,Russian Mathematical Surveys
V V Dubrovskii, V V Dubrovskii (jr),Russian Mathematical Surveys
V. V. Goldberg, V. V. Lychagin,Russian Mathematics
A Balarezo, J Francisco,SANGOLQUI/ESPE/
S Astudillo, A Briozzo,Semestre Económico
E Jerves, S López, C Castro, W Ortiz, M Palacios, P Rober, P Enzlin,Sex Education
V. V. Rybakov, V. V. Rimatskii,Siberian Mathematical Journal
V. V. Strygin, V. V. Sirunyan,Siberian Mathematical Journal
Gerd Dercon, Jozef Deckers, Jean Poesen, Gerard Govers, Henrry Sánchez, Marco Ramírez, Raúl Vanegas, E Tacuri, George Loaiza,Soil and Tillage Research
P Borja, V Iñiguez, P Crespo, P Cisneros, F Cisneros, J Feyen,Soil Science
V. V. Prokof'eva, V. V. Bochkov, V. V. Busarev,Solar System Research
V. V. Prokof’eva, V. V. Bochkov, V. V. Busarev,Solar System Research
L Herrera Montero,Sophia
V. V. Babin, V. V. Nekrasov,Soviet Applied Mechanics
V. V. Babin, V. V. Nekrasov,Soviet Applied Mechanics
V. V. Larkina, V. V. Tvardovskii,Soviet Applied Mechanics
V. V. Gromov, V. V. Surikov,Soviet Atomic Energy
V. V. Gerasimova, V. V. Gerasimov,Soviet Atomic Energy
V V Vorob'ev, V V Shemetov,Soviet Journal of Quantum Electronics
V. V. Gerasimova, V. V. Gerasimov,Soviet Materials Science
V. V. Zabil'skii, V. V. Velichko,Soviet Materials Science
V. V. Rzhevskii, V. V. Nosov,Soviet Mining Science
V. V. Ivanov, V. V. Salomatov,Soviet Physics Journal
V. V. Evstigneev, V. V. Kashkovskii,Soviet Physics Journal
V. V. Osipov, V. V. Savin,Soviet Physics Journal
V. V. Ul'yanov, V. V. Bruk,Soviet Physics Journal
V. V. Vetoshkin, V. V. Uchaikin,Soviet Physics Journal
V. V. Panichkina, V. V. Skorokhod,Soviet Powder Metallurgy and Metal Ceramics
V. V. Skorokhod, V. V. Panichkina,Soviet Powder Metallurgy and Metal Ceramics
V. V. Sukhozhak, V. V. Panichkina, V. V. Skorokhod,Soviet Powder Metallurgy and Metal Ceramics
V. V. Panichkina, V. V. Skorokhod,Soviet Powder Metallurgy and Metal Ceramics
V. V. Pushkarev, V. V. Polotai,Soviet Powder Metallurgy and Metal Ceramics
V. V. Lukovich, V. V. Kartuzov,Strength of Materials
V. V. Vendyukov, V. V. Deryushev,Strength of Materials
LL Beghini, J Carrion, A Beghini, A Mazurek, WF Baker,Structural and Multidisciplinary optimization
WF Baker, LL Beghini, A Mazurek, J Carrion, A Beghini,Structural and multidisciplinary optimization
A Beghini, LL Beghini, JA Schultz, J Carrion, WF Baker,Structural and Multidisciplinary Optimization
P Quichimbo, G Tenorio, P Borja, I Cárdenas, P Crespo, R Célleri,Suelos Ecuatoriales
P Quichimbo, G Tenorio, P Borja, I Cárdenas, P Crespo, R Célleri,Suelos Ecuatoriales
A Barragán-Escandón, J Terrados-Cepeda, E Zalamea-León,Sustainability of Water Quality and Ecology
I Nolivos, M Villacís, RF Vázquez, DE Mora, L Domínguez-Granda, H Hampel, E Velarde,Sustainability of Water Quality and Ecology
Indira Nolivos, Marcos Villacís, Raúl F Vázquez, Diego E Mora, Luis Domínguez-Granda, Henrietta Hampel, Elizabeth Velarde,Sustainability of Water Quality and Ecology
SP Torres, CA Castro, MJ Rider,Swarm Intelligence for Electric and Electronic Engineering
V. V. Lisenkov, V. V. Osipov,Technical Physics
V. V. Lisenkov, V. V. Osipov, V. V. Platonov,Technical Physics
V. V. Kirsanov, V. V. Grigor’eva,Technical Physics
V. V. Osipov, V. V. Lisenkov,Technical Physics
V. V. Uchaikin, V. V. Saenko,Technical Physics
V. V. Osipov, V. V. Lisenkov, V. V. Platonov,Technical Physics
V. V. Sokolov, V. V. Tolmachev,Technical Physics
J Maldonado, G Astudillo,Technologies and Learning: Innovaions and experiences
RPS Reinaldo Guillén Gordín, Arnaldo Martínez Reyes, Ismael Villar Vázquez,Tecnologia Quimica
ME Siguencia Avila, J Rey Pérez,The Historic Environment: Policy & Practice 7 (2-3)
L Siguenza Guzman, V Saquicela, Elina Avila-Ordóñez, Joos Vandewalle, Dirk Cattrysse,The Journal of Academic Librarianship
Lorena Siguenza-Guzman, V Saquicela, Elina Avila-Ordóñez, Joos Vandewalle, Dirk Cattrysse,The Journal of Academic Librarianship
L Siguenza Guzman, A Auquilla, A Van den Abbeele, D Cattrysse,The Journal of Academic Librarianship
L Siguenza Guzman, A Van den Abbeele, D Cattrysse,The Liber Quarterly
V Saquicela, Luis. M. Vilches-Blazquez, Oscar Corcho,The Semantic Web: Research and Applications
M Espinoza, A Gómez-Pérez, E Mena,The Semantic Web: Research and Applications
M Espinoza, A Gómez-Pérez, E Mena,The Semantic Web: Research and Applications
M Espinoza, A Gómez-Pérez, E Montiel-Ponsoda,The Semantic Web: Research and Applications
DE Mora, P Willems,Theoretical and Applied Climatology 108 (1-2)
V. V. Brei, V. V. Pavlov,Theoretical and Experimental Chemistry
V. V. Vinogradov, V. V. Godovan’chuk,Theory of Probability & Its Applications
V. V. Buldygin, V. V. Pavlenkov,Theory of Probability and Mathematical Statistics
V. V. Basharin, V. V. Pevzner,Thermal Engineering
V. V. Chemekov, V. V. Kharchenko,Thermal Engineering
D Orellana, AK Bregt, A Ligtenberg, M Wachowicz,Tourism Management
P Cedillo, J Gonzalez-Huerta, S Abrahao, E Insfran,Transforming Healthcare Through Information Systems
N Schmitz, P Ljungman, C Cordonnier, C Kempf, W Linkesch, A Alegre, C Solano, B Simonsson, R Sonnen, V Diehl, T Fischer, D Caballero, T Littlewood, R Noppeney, MA Diaz, MG Vicent, ME Gonzalez, A Verdeguer, J de la Rubia, J Bargay, F de Arriba, JL Diez, L Madero, S Brunet, D Gallardo, R De la Camara, A Torres, A Jimenez, JC Vallejo, G Sanz, D Serrano, E Carreras, C Martin, C Sanz-Rodriguez, J Sierra, I Espigado, D Caballero, P Solal-Celigny, P Roy, P Colombat, J White, JO Armitage, R Arranz-Saez, WY Au, M Bellei, P Brice, B Coiffier, E Conde-Garcia, C Doyen, M Federico, RI Fisher, C Montalban, JF Garcia, V Abraira, L Gonzalez-Camacho, MM Morente, JL Bello, E Conde, MA Cruz, R Garcia-Sanz, J Garcia-Larana, C Grande, M Llanos, R Martinez, E Flores, M Mendez, C Ponderos, C Rayon, P Sanchez-Godoy, J Zamora, MA Piris, MV Castellanos, JM Hernandez, L Ramos, M Belen Gonzalez, NC Gutierrez, PE Leone, Rafael Fonseca, Bart Barlogie, Regis Bataille, Christian Bastard, P Leif Bergsagel, Marta Chesi, Faith E Davies, Johannes Drach, Philip R Greipp, Ilan R Kirsch, W Michael, Jesus M Hernandez Kuehl, Stephane Minvielle, Linda M Pilarski, John D Shaughnessy Jr,Transplantation
D Mogrovejo, G Flintsch, E de León Izeppi, K McGhee, R Burdisso,Transportation Research Record: Journal of the Transportation Research Board …
K McGhee, E de León Izeppi, G Flintsch, D Mogrovejo,Transportation Research Record: Journal of the Transportation Research Board …
SW Katicha, DE Mogrovejo, GW Flintsch, ED de León Izeppi,Transportation Research Record: Journal of the Transportation Research Board …
DE Mogrovejo, GW Flintsch, SW Katicha, ED de León Izeppi, KK McGhee,Transportation Research Record: Journal of the Transportation Research Board …
KK McGhee, ED de León Izeppi, GW Flintsch, DE Mogrovejo,Transportation Research Record: Journal of the Transportation Research Board …
K Abad, JP Carvallo, M Espinoza, V Saquicela,Trends and Applications in Software Engineering
MA Wattiaux, JP Iñamagua-Uyaguari, L Guerra, F Casasola, A Jenet,Tropical Grasslands-Forrajes Tropicales
Ángel Marcelo Calvache, Rodrigo Saquicela, Franklin Valverde,Tsafiqui
Xavier López, Miriam Recalde Quiroz, Rodrigo Saquicela,Tsafiqui
V. V. Sysoeva, V. V. Chedrik,TsAGI Science Journal
karina Farfán Pacheco, AL Serrano,Turismo Comunitario en Ecuador: Desarrollo y sostenibilidad social
V. V. Buldygin, V. V. Zayats,Ukrainian Mathematical Journal
V. V. Buldygin, V. V. Zayats,Ukrainian Mathematical Journal
V. V. Buldygin, V. V. Zayats,Ukrainian Mathematical Journal
V. V. Buldygin, V. V. Zayats,Ukrainian Mathematical Journal
V. V. Buldygin, V. V. Pavlenkov,Ukrainian Mathematical Journal
V. V. Buldygin, V. V. Zayats,Ukrainian Mathematical Journal
D Mora Serrano, T Liu, F Cisneros, G Wyseure, P Willems,Understanding Changing Climate and Environment and Finding Solutions
J Maldonado, J Bermeo, Vélez, Fabián,Universidad de Cuenca CUE- 003031 - ISBN: 978-9978-14-350-6
J Maldonado, C Sanz, A Fernández-Pampillón,"Universidad Nacional de La Plata, La Plata, Buenos Aires"
D Orellana, D Ballari,Universidad Verdad
LG Gonzalez, E Figueres, G Garcerá, O Carranza,"Universidad, Ciencia y Tecnología"
WI Larriva,UNIVERSIDAD-VERDAD
JL Espinoza-Abad,"University of Calgary, Faculty of Graduate Studies"
J Carrion, WF Baker, JA Cavanagh, RC Stewart, JE MacDonald, C Besjak,US Patent 8
J Carrion, WF Baker, JA Cavanagh, RC Stewart, JE MacDonald, C Besjak,US Patent 8
PAM De Witte, CV Esguerra, AD Crawford, AMO Paucar,US Patent 9
J Carrion, WF Baker, JA Cavanagh, RC Stewart, JC MacDonald, C Besjak,US Patent 13
Andrés Tello, Alexandra La Cruz, V Saquicela, M Espinoza, Maria-Esther Vidal,"VI Latin American Congress on Biomedical Engineering CLAIB 2014, Paraná, Argentina 29, 30 & 31 October 2014"
AL Serrano,"VII CONGRESO INTERNACIONAL DE TURISMO, HOTELERIA Y AMBIENTE"
JE Garcia, E Garces, AK Chopra, RK Goel, K Lee, DA Foutch,"VOLUME 31, ISSUE NO. 3"
Dolores Sucozhañay, L Siguenza Guzman, Cristian Zhimnay, Dirk Cattrysse, Guido Wyseure, Karel De Witte, Martin Euwema,WAOP-conferentie
JF Pérez, MR Pelaez-Samaniego, M Garcia-Perez,Waste and Biomass Valorization
MR Pelaez-Samaniego, KR Englund,Waste and Biomass Valorization
A Avilés, R Célleri, A Solera, J Paredes,Water
P Muñoz, R Célleri, J Feyen,Water
A Alvarado, J Larriva, E Sánchez, D Idrovo, JF Cisneros,Water Practice and Technology
A Alvarado, S Vedantam, P Goethals, I Nopens,Water research
A Alvarado, M Vesvikar, JF Cisneros, T Maere, P Goethals, I Nopens,Water research
RF Vázquez, K Beven, J Feyen,Water Resources Management
A Avilés, R Célleri, J Paredes, A Solera,Water Resources Management
RF Vázquez, J Feyen,Water Resources Management
A Alvarado, E Sanchez, G Durazno, M Vesvikar, I Nopens,Water Science & Technology
J Veintimilla-Reyes, A De Meyer, D Cattrysse, J Van Orshoven,Water Science & Technology
V V Grinin, V V Ovchinnikov,Welding International
V V Neverov, V V Karikh,Welding International
V V Ovchinnikov, V V Redchits,Welding International
V V Ovchinnikov, V V Redchits,Welding International
Juan F Freile, Paolo Piedrahita, Galo Buitrón-Jurado, Carlos A Rodríguez, Oswaldo Jadán, Elisa Bonaccorso,Wilson Journal of Ornithology
O Carranza, G Garcerá, E Figueres, LG González,Wind Energy
F Guamán, J Ordoñez, JL Espinoza, J Jara-Alvear,WIT Transactions on Ecology and the Environment
MR Pelaez-Samaniego, V Yadama, E Lowell, R Espinoza-Herrera,Wood Science and Technology
ME Cazar, G Schmeda-Hirschmann, L Astudillo,World Journal of Microbiology and Biotechnology 21 (6-7)
F. X. Flores, F. A. Charney, D. Lopez-Garcia,XI Congreso Chileno de Sismología e Ingeniería Sísmica ACHISINA
F. X. Flores, F. A. Charney, D. Lopez-Garcia, J. C. de la Llera,XI Congreso Chileno de Sismología e Ingeniería Sísmica ACHISINA
F.X. Flores, D. Lopez-Garcia, F. A. Charney,XI Congreso Chileno de Sismología e Ingeniería Sísmica ACHISINA
N Pacurucu, L Vivanco, J Astudillo, V Morocho,XI CONGRESO DE CIENCIA Y TECNOLOGÍA
J Maldonado, René Palta, Jorge Vázquez, Jorge Bermeo, Mar Pérez-Sanagustín, Jorge Munoz-Gama,XLII IEEE Conferencia Latinoamericana de Informática
R Pérez, M Pérez-Sanagustin, J Maldonado,XLII IEEE Conferencia Latinoamericana de Informática
S Torres, J Chavez,XXIII SEMINARIO SECTOR ELÉCTRICO – SNSE
V. V. Jachontov, V. V. Yakhontov,Zeitschrift für Angewandte Entomologie
M Espinoza Mejía, A Gómez-Pérez, E Montiel-Ponsoda,BOOK
M. Suárez-Figueroa M.C Blomqvist E, D’Aquin M, Espinoza M. Gómez-Pérez A.,Lewen H., Mozetic I., Palma R., Poveda M., Sini M., Villazón-Terrazas B., Zablith Dzbor,BOOK
William Baker, Alessandro Beghini, Manav Bhatia, Joshua Buckholt, Juan Carrion, Nicola D'Souza, Thi Dang, Reinhard Harte, Pankaj Joshi, Stefan Justiz, Rakesh K Kapania, Chris Kling, Wilfried B Kratzig, Kai Kuerschner, Aaron Mazeika, Arkadiusz Mazurek, Guohua Pan, Jihong Qian, Hans Schober, Christian Stutzki, Hiroki Tamai, Rongwei Tang, Yong Tao, Mathew Weglarz, Ralf Wormann, Du Yixin, Pengfei Zhao,BOOK
